Workbook

Sheet Data Used -1
A1: Post ID | B1: Platform | C1: Date | D1: Content Type | E1: Post Text | F1: Likes | G1: Shares | H1: Comments | I1: Impressions | J1: Reach | K1: Clicks | L1: Hashtags Used | M1: Campaign_Name | N1: Engagement Rate
A2: P001 | B2: Twitter | C2: 2024-12-23 | D2: Reel | E2: Check out our latest reel on twitter! | F2: 1461 | G2: 184 | H2: 344 | I2: 21915 | J2: 21675 | K2: 15 | L2: #LiveForNow,#AnytimeIsPepsiTime | M2: SummerSplash
A3: P002 | B3: Twitter | C3: 2025-04-03 | D3: Text | E3: Check out our latest text on twitter! | F3: 4054 | G3: 389 | H3: 493 | I3: 64864 | J3: 64383 | K3: 117 | L3: #PepsiCoRefresh,#BetterWithPepsi | M3: FestiveRadiance
A4: P003 | B4: YouTube | C4: 2025-05-12 | D4: Reel | E4: Check out our latest reel on youtube! | F4: 2795 | G4: 105 | H4: 49 | I4: 53105 | J4: 52307 | K4: 204 | L4: #PepsiCoRefresh | M4: NewYearRefresh
A5: P004 | B5: Instagram | C5: 2024-08-12 | D5: Story | E5: Check out our latest story on instagram! | F5: 2404 | G5: 363 | H5: 138 | I5: 19232 | J5: 18636 | K5: 128 | L5: #ThirstyForMore | M5: DailyWellness
A6: P005 | B6: YouTube | C6: 2024-06-26 | D6: Reel | E6: Check out our latest reel on youtube! | F6: 3557 | G6: 687 | H6: 424 | I6: 71140 | J6: 70701 | K6: 224 | L6: #ThirstyForMore,#PepsiCoRefresh | M6: SummerSplash
A7: P006 | B7: Facebook | C7: 2024-10-31 | D7: Carousel | E7: Check out our latest carousel on facebook! | F7: 2945 | G7: 930 | H7: 355 | I7: 23560 | J7: 23275 | K7: 256 | L7: #PepsiCoRefresh | M7: FestiveRadiance
A8: P007 | B8: Twitter | C8: 2024-06-24 | D8: Carousel | E8: Check out our latest carousel on twitter! | F8: 3860 | G8: 201 | H8: 279 | I8: 61760 | J8: 61660 | K8: 235 | L8: #PepsiCoRefresh | M8: FestiveRadiance
A9: P008 | B9: YouTube | C9: 2024-07-13 | D9: Image | E9: Check out our latest image on youtube! | F9: 3929 | G9: 262 | H9: 278 | I9: 43219 | J9: 42841 | K9: 39 | L9: #ThirstyForMore | M9: DailyWellness
A10: P009 | B10: Facebook | C10: 2024-08-30 | D10: Text | E10: Check out our latest text on facebook! | F10: 3784 | G10: 808 | H10: 404 | I10: 56760 | J10: 56343 | K10: 131 | L10: #PepsiCoRefresh | M10: FestiveRadiance
A11: P010 | B11: Facebook | C11: 2025-03-11 | D11: Image | E11: Check out our latest image on facebook! | F11: 4241 | G11: 902 | H11: 47 | I11: 72097 | J11: 71598 | K11: 167 | L11: #PepsiCoRefresh | M11: FestiveRadiance
A12: P011 | B12: Instagram | C12: 2025-02-02 | D12: Story | E12: Check out our latest story on instagram! | F12: 1792 | G12: 614 | H12: 497 | I12: 25088 | J12: 24675 | K12: 65 | L12: #LiveForNow | M12: DailyWellness
A13: P012 | B13: Facebook | C13: 2024-07-21 | D13: Reel | E13: Check out our latest reel on facebook! | F13: 1946 | G13: 686 | H13: 377 | I13: 23352 | J13: 22982 | K13: 213 | L13: #LiveForNow | M13: NewYearRefresh
A14: P013 | B14: YouTube | C14: 2024-11-18 | D14: Carousel | E14: Check out our latest carousel on youtube! | F14: 1171 | G14: 286 | H14: 231 | I14: 22249 | J14: 21282 | K14: 114 | L14: #ThirstyForMore | M14: SummerSplash
A15: P014 | B15: Facebook | C15: 2025-02-16 | D15: Story | E15: Check out our latest story on facebook! | F15: 4242 | G15: 555 | H15: 131 | I15: 33936 | J15: 33802 | K15: 265 | L15: #LiveForNow
A16: P015 | B16: Facebook | C16: 2024-10-24 | D16: Video | E16: Check out our latest video on facebook! | F16: 3888 | G16: 604 | H16: 128 | I16: 77760 | J16: 77167 | K16: 20 | L16: #LiveForNow | M16: SummerSplash
A17: P016 | B17: Facebook | C17: 2024-08-26 | D17: Text | E17: Check out our latest text on facebook! | F17: 3452 | G17: 377 | H17: 360 | I17: 55232 | J17: 55075 | K17: 87 | L17: #LiveForNow | M17: NewYearRefresh
A18: P017 | B18: Facebook | C18: 2025-05-05 | D18: Text | E18: Check out our latest text on facebook! | F18: 4441 | G18: 511 | H18: 70 | I18: 53292 | J18: 53082 | K18: 159 | L18: #ThirstyForMore | M18: DailyWellness
A19: P018 | B19: Instagram | C19: 2024-08-19 | D19: Reel | E19: Check out our latest reel on instagram! | F19: 3000 | G19: 382 | H19: 325 | I19: 36000 | J19: 35819 | K19: 19 | L19: #LiveForNow | M19: SummerSplash
A20: P019 | B20: Instagram | C20: 2024-06-23 | D20: Video | E20: Check out our latest video on instagram! | F20: 1071 | G20: 519 | H20: 22 | I20: 16065 | J20: 15865 | K20: 103 | L20: #PepsiCoRefresh | M20: DailyWellness
A21: P020 | B21: Instagram | C21: 2024-09-09 | D21: Carousel | E21: Check out our latest carousel on instagram! | F21: 4054 | G21: 488 | H21: 373 | I21: 77026 | J21: 76881 | K21: 25 | L21: #PepsiCoRefresh | M21: SummerSplash
A22: P021 | B22: Instagram | C22: 2025-01-04 | D22: Reel | E22: Check out our latest reel on instagram! | F22: 4838 | G22: 640 | H22: 128 | I22: 72570 | J22: 72396 | K22: 83 | L22: #LiveForNow | M22: DailyWellness
A23: P022 | B23: Facebook | C23: 2025-02-27 | D23: Text | E23: Check out our latest text on facebook! | F23: 1570 | G23: 187 | H23: 260 | I23: 25120 | J23: 24613 | K23: 133 | L23: #PepsiCoRefresh | M23: DailyWellness
A24: P023 | B24: Facebook | C24: 2024-11-06 | D24: Video | E24: Check out our latest video on facebook! | F24: 1606 | G24: 547 | H24: 316 | I24: 32120 | J24: 31736 | K24: 225 | L24: #PepsiCoRefresh,#AnytimeIsPepsiTime | M24: FestiveRadiance
A25: P024 | B25: Facebook | C25: 2025-01-23 | D25: Video | E25: Check out our latest video on facebook! | F25: 3961 | G25: 761 | H25: 131 | I25: 67337 | J25: 66615 | K25: 161 | L25: #LiveForNow | M25: NewYearRefresh
A26: P025 | B26: Twitter | C26: 2025-04-10 | D26: Carousel | E26: Check out our latest carousel on twitter! | F26: 3128 | G26: 211 | H26: 197 | I26: 59432 | J26: 59182 | K26: 238 | L26: #ThirstyForMore
A27: P026 | B27: YouTube | C27: 2025-04-05 | D27: Reel | E27: Check out our latest reel on youtube! | F27: 3009 | G27: 413 | H27: 358 | I27: 42126 | J27: 41309 | K27: 211 | L27: #LiveForNow | M27: FestiveRadiance
A28: P027 | B28: YouTube | C28: 2024-09-17 | D28: Text | E28: Check out our latest text on youtube! | F28: 2076 | G28: 195 | H28: 104 | I28: 33216 | J28: 32244 | K28: 51 | L28: #LiveForNow | M28: DailyWellness
A29: P028 | B29: Instagram | C29: 2025-03-04 | D29: Video | E29: Check out our latest video on instagram! | F29: 432 | G29: 624 | H29: 123 | I29: 6912 | J29: 6259 | K29: 79 | L29: #LiveForNow | M29: DailyWellness
A30: P029 | B30: Instagram | C30: 2025-01-31 | D30: Carousel | E30: Check out our latest carousel on instagram! | F30: 2566 | G30: 118 | H30: 37 | I30: 12830 | J30: 12264 | K30: 221 | L30: #LiveForNow | M30: NewYearRefresh
A31: P030 | B31: Instagram | C31: 2025-02-25 | D31: Video | E31: Check out our latest video on instagram! | F31: 3095 | G31: 39 | H31: 78 | I31: 55710 | J31: 54808 | K31: 93 | L31: #ThirstyForMore
A32: P031 | B32: Instagram | C32: 2024-12-16 | D32: Text | E32: Check out our latest text on instagram! | F32: 438 | G32: 153 | H32: 275 | I32: 3066 | J32: 2701 | K32: 282 | L32: #PepsiCoRefresh | M32: FestiveRadiance
A33: P032 | B33: Twitter | C33: 2024-07-31 | D33: Carousel | E33: Check out our latest carousel on twitter! | F33: 2278 | G33: 10 | H33: 321 | I33: 13668 | J33: 12676 | K33: 275 | L33: #ThirstyForMore | M33: SummerSplash
A34: P033 | B34: Facebook | C34: 2024-08-21 | D34: Image | E34: Check out our latest image on facebook! | F34: 1407 | G34: 400 | H34: 351 | I34: 16884 | J34: 15954 | K34: 113 | L34: #PepsiCoRefresh | M34: SummerSplash
A35: P034 | B35: Facebook | C35: 2025-03-26 | D35: Text | E35: Check out our latest text on facebook! | F35: 1652 | G35: 89 | H35: 357 | I35: 29736 | J35: 28771 | K35: 215 | L35: #PepsiCoRefresh | M35: NewYearRefresh
A36: P035 | B36: Instagram | C36: 2024-11-30 | D36: Video | E36: Check out our latest video on instagram! | F36: 3775 | G36: 16 | H36: 239 | I36: 33975 | J36: 33310 | K36: 271 | L36: #LiveForNow | M36: FestiveRadiance
A37: P036 | B37: Instagram | C37: 2025-04-19 | D37: Story | E37: Check out our latest story on instagram! | F37: 4518 | G37: 285 | H37: 383 | I37: 67770 | J37: 67621 | K37: 31 | L37: #ThirstyForMore | M37: FestiveRadiance
A38: P037 | B38: Facebook | C38: 2025-01-06 | D38: Carousel | E38: Check out our latest carousel on facebook! | F38: 3024 | G38: 925 | H38: 350 | I38: 24192 | J38: 23518 | K38: 36 | L38: #ThirstyForMore | M38: FestiveRadiance
A39: P038 | B39: YouTube | C39: 2025-02-17 | D39: Reel | E39: Check out our latest reel on youtube! | F39: 3138 | G39: 123 | H39: 291 | I39: 28242 | J39: 27550 | K39: 87 | L39: #PepsiCoRefresh | M39: DailyWellness
A40: P039 | B40: Facebook | C40: 2024-11-25 | D40: Image | E40: Check out our latest image on facebook! | F40: 3564 | G40: 629 | H40: 177 | I40: 60588 | J40: 59627 | K40: 92 | L40: #PepsiCoRefresh
A41: P040 | B41: Twitter | C41: 2025-03-07 | D41: Image | E41: Check out our latest image on twitter! | F41: 4750 | G41: 151 | H41: 415 | I41: 38000 | J41: 37792 | K41: 299 | L41: #ThirstyForMore | M41: DailyWellness
A42: P041 | B42: Instagram | C42: 2025-03-08 | D42: Reel | E42: Check out our latest reel on instagram! | F42: 456 | G42: 629 | H42: 428 | I42: 8208 | J42: 7377 | K42: 205 | L42: #LiveForNow | M42: DailyWellness
A43: P042 | B43: YouTube | C43: 2025-03-05 | D43: Reel | E43: Check out our latest reel on youtube! | F43: 1543 | G43: 820 | H43: 333 | I43: 12344 | J43: 11496 | K43: 241 | L43: #ThirstyForMore
A44: P043 | B44: Instagram | C44: 2024-12-14 | D44: Carousel | E44: Check out our latest carousel on instagram! | F44: 2174 | G44: 658 | H44: 15 | I44: 13044 | J44: 12206 | K44: 137 | L44: #PepsiCoRefresh | M44: NewYearRefresh
A45: P044 | B45: Twitter | C45: 2025-03-02 | D45: Image | E45: Check out our latest image on twitter! | F45: 2358 | G45: 784 | H45: 344 | I45: 35370 | J45: 34475 | K45: 216 | L45: #PepsiCoRefresh
A46: P045 | B46: Facebook | C46: 2024-11-01 | D46: Video | E46: Check out our latest video on facebook! | F46: 3371 | G46: 106 | H46: 327 | I46: 50565 | J46: 49816 | K46: 176 | L46: #LiveForNow | M46: SummerSplash
A47: P046 | B47: Twitter | C47: 2025-05-02 | D47: Video | E47: Check out our latest video on twitter! | F47: 1108 | G47: 177 | H47: 212 | I47: 8864 | J47: 8710 | K47: 97 | L47: #PepsiCoRefresh | M47: DailyWellness
A48: P047 | B48: Twitter | C48: 2025-02-24 | D48: Carousel | E48: Check out our latest carousel on twitter! | F48: 2704 | G48: 752 | H48: 153 | I48: 21632 | J48: 20792 | K48: 127 | L48: #LiveForNow
A49: P048 | B49: Twitter | C49: 2025-03-11 | D49: Story | E49: Check out our latest story on twitter! | F49: 1950 | G49: 295 | H49: 478 | I49: 37050 | J49: 36272 | K49: 119 | L49: #PepsiCoRefresh
A50: P049 | B50: Twitter | C50: 2024-06-10 | D50: Story | E50: Check out our latest story on twitter! | F50: 2164 | G50: 549 | H50: 274 | I50: 28132 | J50: 27361 | K50: 177 | L50: #PepsiCoRefresh | M50: DailyWellness
A51: P050 | B51: YouTube | C51: 2024-07-03 | D51: Story | E51: Check out our latest story on youtube! | F51: 2754 | G51: 130 | H51: 90 | I51: 22032 | J51: 21288 | K51: 112 | L51: #PepsiCoRefresh | M51: NewYearRefresh
A52: P051 | B52: Facebook | C52: 2024-06-13 | D52: Carousel | E52: Check out our latest carousel on facebook! | F52: 2200 | G52: 504 | H52: 239 | I52: 37400 | J52: 36938 | K52: 225 | L52: #LiveForNow | M52: FestiveRadiance
A53: P052 | B53: Facebook | C53: 2025-01-03 | D53: Image | E53: Check out our latest image on facebook! | F53: 947 | G53: 338 | H53: 350 | I53: 10417 | J53: 9730 | K53: 34 | L53: #PepsiCoRefresh | M53: DailyWellness
A54: P053 | B54: YouTube | C54: 2025-02-24 | D54: Carousel | E54: Check out our latest carousel on youtube! | F54: 804 | G54: 639 | H54: 43 | I54: 4020 | J54: 3144 | K54: 11 | L54: #ThirstyForMore,#BetterWithPepsi
A55: P054 | B55: YouTube | C55: 2025-03-13 | D55: Carousel | E55: Check out our latest carousel on youtube! | F55: 1686 | G55: 904 | H55: 472 | I55: 18546 | J55: 18171 | K55: 52 | L55: #LiveForNow | M55: FestiveRadiance
A56: P055 | B56: Facebook | C56: 2024-06-17 | D56: Image | E56: Check out our latest image on facebook! | F56: 1226 | G56: 119 | H56: 7 | I56: 14712 | J56: 14049 | K56: 123 | L56: #ThirstyForMore | M56: DailyWellness
A57: P056 | B57: Facebook | C57: 2024-12-18 | D57: Carousel | E57: Check out our latest carousel on facebook! | F57: 2946 | G57: 498 | H57: 367 | I57: 29460 | J57: 28527 | K57: 60 | L57: #LiveForNow | M57: NewYearRefresh
A58: P057 | B58: Twitter | C58: 2024-10-21 | D58: Video | E58: Check out our latest video on twitter! | F58: 2825 | G58: 535 | H58: 295 | I58: 45200 | J58: 44739 | K58: 169 | L58: #PepsiCoRefresh | M58: SummerSplash
A59: P058 | B59: Instagram | C59: 2025-04-15 | D59: Reel | E59: Check out our latest reel on instagram! | F59: 103 | G59: 770 | H59: 19 | I59: 1030 | J59: 410 | K59: 262 | L59: #PepsiCoRefresh | M59: DailyWellness
A60: P059 | B60: Instagram | C60: 2024-06-22 | D60: Text | E60: Check out our latest text on instagram! | F60: 2180 | G60: 263 | H60: 387 | I60: 30520 | J60: 30059 | K60: 174 | L60: #ThirstyForMore
A61: P060 | B61: Instagram | C61: 2025-01-28 | D61: Video | E61: Check out our latest video on instagram! | F61: 904 | G61: 973 | H61: 63 | I61: 11752 | J61: 11580 | K61: 84 | L61: #ThirstyForMore,#PepsiCoRefresh,#AnytimeIsPepsiTime | M61: NewYearRefresh
A62: P061 | B62: Twitter | C62: 2024-09-05 | D62: Video | E62: Check out our latest video on twitter! | F62: 4886 | G62: 983 | H62: 409 | I62: 43974 | J62: 43239 | K62: 65 | L62: #PepsiCoRefresh | M62: SummerSplash
A63: P062 | B63: Twitter | C63: 2024-11-22 | D63: Carousel | E63: Check out our latest carousel on twitter! | F63: 53 | G63: 81 | H63: 379 | I63: 954 | J63: 7 | K63: 148 | L63: #PepsiCoRefresh | M63: NewYearRefresh
A64: P063 | B64: Twitter | C64: 2024-07-31 | D64: Carousel | E64: Check out our latest carousel on twitter! | F64: 4507 | G64: 217 | H64: 13 | I64: 90140 | J64: 89591 | K64: 125 | L64: #LiveForNow | M64: NewYearRefresh
A65: P064 | B65: Facebook | C65: 2024-08-17 | D65: Image | E65: Check out our latest image on facebook! | F65: 2878 | G65: 248 | H65: 416 | I65: 43170 | J65: 42667 | K65: 75 | L65: #LiveForNow | M65: NewYearRefresh
A66: P065 | B66: Instagram | C66: 2025-03-28 | D66: Story | E66: Check out our latest story on instagram! | F66: 1881 | G66: 501 | H66: 99 | I66: 20691 | J66: 19987 | K66: 289 | L66: #ThirstyForMore
A67: P066 | B67: Twitter | C67: 2024-07-26 | D67: Carousel | E67: Check out our latest carousel on twitter! | F67: 432 | G67: 171 | H67: 280 | I67: 3024 | J67: 2285 | K67: 184 | L67: #ThirstyForMore | M67: SummerSplash
A68: P067 | B68: Facebook | C68: 2025-03-29 | D68: Carousel | E68: Check out our latest carousel on facebook! | F68: 4712 | G68: 568 | H68: 127 | I68: 84816 | J68: 84691 | K68: 100 | L68: #ThirstyForMore | M68: NewYearRefresh
A69: P068 | B69: Instagram | C69: 2024-12-08 | D69: Story | E69: Check out our latest story on instagram! | F69: 2610 | G69: 126 | H69: 288 | I69: 15660 | J69: 15145 | K69: 73 | L69: #ThirstyForMore
A70: P069 | B70: Twitter | C70: 2025-03-08 | D70: Text | E70: Check out our latest text on twitter! | F70: 1292 | G70: 626 | H70: 496 | I70: 25840 | J70: 24916 | K70: 149 | L70: #LiveForNow | M70: NewYearRefresh
A71: P070 | B71: Facebook | C71: 2025-04-02 | D71: Video | E71: Check out our latest video on facebook! | F71: 199 | G71: 772 | H71: 400 | I71: 3582 | J71: 2988 | K71: 43 | L71: #PepsiCoRefresh
A72: P071 | B72: YouTube | C72: 2024-09-02 | D72: Carousel | E72: Check out our latest carousel on youtube! | F72: 2551 | G72: 915 | H72: 205 | I72: 30612 | J72: 30360 | K72: 227 | L72: #PepsiCoRefresh | M72: FestiveRadiance
A73: P072 | B73: YouTube | C73: 2025-03-03 | D73: Reel | E73: Check out our latest reel on youtube! | F73: 296 | G73: 60 | H73: 141 | I73: 5624 | J73: 5239 | K73: 88 | L73: #ThirstyForMore | M73: FestiveRadiance
A74: P073 | B74: Facebook | C74: 2024-10-18 | D74: Story | E74: Check out our latest story on facebook! | F74: 4126 | G74: 426 | H74: 486 | I74: 78394 | J74: 77798 | K74: 88 | L74: #LiveForNow | M74: DailyWellness
A75: P074 | B75: YouTube | C75: 2024-10-28 | D75: Reel | E75: Check out our latest reel on youtube! | F75: 1855 | G75: 200 | H75: 174 | I75: 16695 | J75: 16330 | K75: 123 | L75: #PepsiCoRefresh | M75: NewYearRefresh
A76: P075 | B76: Instagram | C76: 2024-08-01 | D76: Reel | E76: Check out our latest reel on instagram! | F76: 1674 | G76: 929 | H76: 37 | I76: 21762 | J76: 20998 | K76: 255 | L76: #PepsiCoRefresh | M76: DailyWellness
A77: P076 | B77: Twitter | C77: 2024-11-07 | D77: Story | E77: Check out our latest story on twitter! | F77: 1121 | G77: 135 | H77: 18 | I77: 15694 | J77: 14957 | K77: 99 | L77: #PepsiCoRefresh | M77: DailyWellness
A78: P077 | B78: Facebook | C78: 2025-03-04 | D78: Story | E78: Check out our latest story on facebook! | F78: 1249 | G78: 116 | H78: 420 | I78: 8743 | J78: 8538 | K78: 63 | L78: #PepsiCoRefresh
A79: P078 | B79: Twitter | C79: 2024-06-17 | D79: Image | E79: Check out our latest image on twitter! | F79: 954 | G79: 324 | H79: 288 | I79: 19080 | J79: 18859 | K79: 21 | L79: #LiveForNow | M79: DailyWellness
A80: P079 | B80: Instagram | C80: 2024-10-09 | D80: Carousel | E80: Check out our latest carousel on instagram! | F80: 3068 | G80: 137 | H80: 329 | I80: 39884 | J80: 39404 | K80: 266 | L80: #ThirstyForMore | M80: FestiveRadiance
A81: P080 | B81: Instagram | C81: 2024-06-13 | D81: Story | E81: Check out our latest story on instagram! | F81: 2103 | G81: 892 | H81: 103 | I81: 39957 | J81: 39466 | K81: 28 | L81: #LiveForNow
A82: P081 | B82: Instagram | C82: 2024-10-19 | D82: Story | E82: Check out our latest story on instagram! | F82: 1816 | G82: 29 | H82: 41 | I82: 19976 | J82: 19262 | K82: 283 | L82: #PepsiCoRefresh | M82: NewYearRefresh
A83: P082 | B83: Instagram | C83: 2024-07-24 | D83: Image | E83: Check out our latest image on instagram! | F83: 725 | G83: 88 | H83: 428 | I83: 14500 | J83: 13637 | K83: 200 | L83: #LiveForNow,#PepsiCoRefresh,#AnytimeIsPepsiTime | M83: NewYearRefresh
A84: P083 | B84: YouTube | C84: 2024-10-15 | D84: Video | E84: Check out our latest video on youtube! | F84: 1094 | G84: 472 | H84: 21 | I84: 9846 | J84: 9609 | K84: 112 | L84: #ThirstyForMore
A85: P084 | B85: Facebook | C85: 2024-12-09 | D85: Image | E85: Check out our latest image on facebook! | F85: 1841 | G85: 851 | H85: 342 | I85: 34979 | J85: 34154 | K85: 255 | L85: #LiveForNow | M85: DailyWellness
A86: P085 | B86: Instagram | C86: 2025-04-19 | D86: Image | E86: Check out our latest image on instagram! | F86: 4177 | G86: 569 | H86: 55 | I86: 25062 | J86: 24847 | K86: 230 | L86: #LiveForNow | M86: SummerSplash
A87: P086 | B87: YouTube | C87: 2025-01-27 | D87: Text | E87: Check out our latest text on youtube! | F87: 3428 | G87: 305 | H87: 85 | I87: 58276 | J87: 58052 | K87: 242 | L87: #ThirstyForMore,#BetterWithPepsi | M87: DailyWellness
A88: P087 | B88: Twitter | C88: 2024-06-06 | D88: Video | E88: Check out our latest video on twitter! | F88: 1436 | G88: 765 | H88: 496 | I88: 12924 | J88: 12701 | K88: 197 | L88: #LiveForNow | M88: NewYearRefresh
A89: P088 | B89: Facebook | C89: 2024-07-07 | D89: Story | E89: Check out our latest story on facebook! | F89: 302 | G89: 47 | H89: 430 | I89: 5738 | J89: 4890 | K89: 25 | L89: #PepsiCoRefresh | M89: DailyWellness
A90: P089 | B90: Twitter | C90: 2025-01-10 | D90: Image | E90: Check out our latest image on twitter! | F90: 2214 | G90: 249 | H90: 152 | I90: 15498 | J90: 14800 | K90: 180 | L90: #ThirstyForMore
A91: P090 | B91: Instagram | C91: 2024-06-03 | D91: Image | E91: Check out our latest image on instagram! | F91: 3861 | G91: 960 | H91: 101 | I91: 69498 | J91: 68817 | K91: 297 | L91: #PepsiCoRefresh | M91: DailyWellness
A92: P091 | B92: Facebook | C92: 2025-03-24 | D92: Image | E92: Check out our latest image on facebook! | F92: 1263 | G92: 397 | H92: 357 | I92: 25260 | J92: 24615 | K92: 137 | L92: #ThirstyForMore | M92: DailyWellness
A93: P092 | B93: Twitter | C93: 2024-10-21 | D93: Story | E93: Check out our latest story on twitter! | F93: 3801 | G93: 967 | H93: 401 | I93: 38010 | J93: 37625 | K93: 236 | L93: #LiveForNow | M93: NewYearRefresh
A94: P093 | B94: Instagram | C94: 2024-12-11 | D94: Video | E94: Check out our latest video on instagram! | F94: 1431 | G94: 951 | H94: 26 | I94: 8586 | J94: 8396 | K94: 150 | L94: #ThirstyForMore | M94: NewYearRefresh
A95: P094 | B95: Instagram | C95: 2024-11-07 | D95: Image | E95: Check out our latest image on instagram! | F95: 2647 | G95: 304 | H95: 170 | I95: 18529 | J95: 17841 | K95: 46 | L95: #LiveForNow | M95: NewYearRefresh
A96: P095 | B96: Instagram | C96: 2024-11-08 | D96: Text | E96: Check out our latest text on instagram! | F96: 3182 | G96: 559 | H96: 160 | I96: 57276 | J96: 56890 | K96: 163 | L96: #LiveForNow | M96: DailyWellness
A97: P096 | B97: Twitter | C97: 2024-09-10 | D97: Image | E97: Check out our latest image on twitter! | F97: 1238 | G97: 366 | H97: 444 | I97: 19808 | J97: 19334 | K97: 123 | L97: #LiveForNow
A98: P097 | B98: Instagram | C98: 2024-08-13 | D98: Image | E98: Check out our latest image on instagram! | F98: 4739 | G98: 527 | H98: 135 | I98: 61607 | J98: 61333 | K98: 36 | L98: #PepsiCoRefresh,#AnytimeIsPepsiTime | M98: FestiveRadiance
A99: P098 | B99: Twitter | C99: 2024-06-10 | D99: Story | E99: Check out our latest story on twitter! | F99: 1575 | G99: 771 | H99: 486 | I99: 25200 | J99: 24826 | K99: 17 | L99: #LiveForNow | M99: DailyWellness
A100: P099 | B100: YouTube | C100: 2024-07-02 | D100: Carousel | E100: Check out our latest carousel on youtube! | F100: 4171 | G100: 548 | H100: 86 | I100: 66736 | J100: 66634 | K100: 173 | L100: #LiveForNow | M100: NewYearRefresh
...

Sheet Data Used- 2
A1: Campaign_Name | B1: Start_Date | C1: End_Date | D1: Objective | E1: Total_Budget | F1: Target_Platforms | G1: Primary_Hashtags
A2: SummerSplash | B2: 2024-06-15 | C2: 2024-07-15 | D2: Brand Awareness | E2: 150000 | F2: Instagram,Facebook | G2: #ThirstyForMore,#PepsiCoRefresh
A3: FestiveRadiance | B3: 2024-10-01 | C3: 2024-10-31 | D3: Engagement | E3: 200000 | F3: Instagram,YouTube | G3: #AnytimeIsPepsiTime,
A4: NewYearRefresh | B4: 2024-12-25 | C4: 2025-01-10 | D4: Product Launch | E4: 250000 | F4: Facebook,Twitter | G4: #SmoothLikeNitroPepsi
A5: DailyWellness | B5: 2025-03-01 | C5: 2025-03-31 | D5: Traffic | E5: 180000 | F5: Instagram,Twitter | G5: #BetterWithPepsi,#LiveForNow

Sheet Data Used - 3
A1: Week_Start_Date | B1: Platform | C1: New_Followers | D1: Unfollows | E1: Total_Followers | F1: Engagement_Rate | G1: Ad_Spend | H1: SummerSplash Flag | I1: FestiveRadiance | J1: NewYearRefresh Flag | K1: DailyWellness Flag
A2: 2024-06-03 | B2: Instagram | C2: 1135 | D2: 88 | E2: 344084 | F2: 8.06 | G2: 5904 | H2: =IF(AND(A2 >= 'Task - Upliftment'!$E$2, A2 <= 'Task - Upliftment'!$F$2, OR(B2="Instagram", B2="Facebook")), "Present", IF(A2 < 'Task - Upliftment'!$E$2, IF(OR(B2="Instagram", B2="Facebook"), "Before", "NP"), "NP")) -> Before | I2: =IF(AND(A2 >= 'Task - Upliftment'!$E$3, A2 <= 'Task - Upliftment'!$F$3, OR(B2="Instagram", B2="YouTube")), "Present", IF(A2 < 'Task - Upliftment'!$E$3, IF(OR(B2="Instagram", B2="YouTube"), "Before", "NP"), "NP")) -> Before | J2: =IF(AND(A2 >= 'Task - Upliftment'!$E$4, A2 <= 'Task - Upliftment'!$F$4, OR(B2="Facebook", B2="Twitter")), "Present", IF(A2 < 'Task - Upliftment'!$E$4, IF(OR(B2="Facebook", B2="Twitter"), "Before", "NP"), "NP")) -> NP | K2: =IF(AND(A2 >= 'Task - Upliftment'!$E$5, A2 <= 'Task - Upliftment'!$F$5, OR(B2="Instagram", B2="Twitter")), "Present", IF(A2 < 'Task - Upliftment'!$E$5, IF(OR(B2="Instagram", B2="Twitter"), "Before", "NP"), "NP")) -> Before
A3: 2024-06-03 | B3: Facebook | C3: 1312 | D3: 310 | E3: 42654 | F3: 4.98 | G3: 9566 | H3: =IF(AND(A3 >= 'Task - Upliftment'!$E$2, A3 <= 'Task - Upliftment'!$F$2, OR(B3="Instagram", B3="Facebook")), "Present", IF(A3 < 'Task - Upliftment'!$E$2, IF(OR(B3="Instagram", B3="Facebook"), "Before", "NP"), "NP")) -> Before | I3: =IF(AND(A3 >= 'Task - Upliftment'!$E$3, A3 <= 'Task - Upliftment'!$F$3, OR(B3="Instagram", B3="YouTube")), "Present", IF(A3 < 'Task - Upliftment'!$E$3, IF(OR(B3="Instagram", B3="YouTube"), "Before", "NP"), "NP")) -> NP | J3: =IF(AND(A3 >= 'Task - Upliftment'!$E$4, A3 <= 'Task - Upliftment'!$F$4, OR(B3="Facebook", B3="Twitter")), "Present", IF(A3 < 'Task - Upliftment'!$E$4, IF(OR(B3="Facebook", B3="Twitter"), "Before", "NP"), "NP")) -> Before | K3: =IF(AND(A3 >= 'Task - Upliftment'!$E$5, A3 <= 'Task - Upliftment'!$F$5, OR(B3="Instagram", B3="Twitter")), "Present", IF(A3 < 'Task - Upliftment'!$E$5, IF(OR(B3="Instagram", B3="Twitter"), "Before", "NP"), "NP")) -> NP
A4: 2024-06-03 | B4: Twitter | C4: 584 | D4: 169 | E4: 146834 | F4: 8.31 | G4: 26752 | H4: =IF(AND(A4 >= 'Task - Upliftment'!$E$2, A4 <= 'Task - Upliftment'!$F$2, OR(B4="Instagram", B4="Facebook")), "Present", IF(A4 < 'Task - Upliftment'!$E$2, IF(OR(B4="Instagram", B4="Facebook"), "Before", "NP"), "NP")) -> NP | I4: =IF(AND(A4 >= 'Task - Upliftment'!$E$3, A4 <= 'Task - Upliftment'!$F$3, OR(B4="Instagram", B4="YouTube")), "Present", IF(A4 < 'Task - Upliftment'!$E$3, IF(OR(B4="Instagram", B4="YouTube"), "Before", "NP"), "NP")) -> NP | J4: =IF(AND(A4 >= 'Task - Upliftment'!$E$4, A4 <= 'Task - Upliftment'!$F$4, OR(B4="Facebook", B4="Twitter")), "Present", IF(A4 < 'Task - Upliftment'!$E$4, IF(OR(B4="Facebook", B4="Twitter"), "Before", "NP"), "NP")) -> Before | K4: =IF(AND(A4 >= 'Task - Upliftment'!$E$5, A4 <= 'Task - Upliftment'!$F$5, OR(B4="Instagram", B4="Twitter")), "Present", IF(A4 < 'Task - Upliftment'!$E$5, IF(OR(B4="Instagram", B4="Twitter"), "Before", "NP"), "NP")) -> Before
A5: 2024-06-03 | B5: YouTube | C5: 1535 | D5: 445 | E5: 395536 | F5: 4.11 | G5: 30671 | H5: =IF(AND(A5 >= 'Task - Upliftment'!$E$2, A5 <= 'Task - Upliftment'!$F$2, OR(B5="Instagram", B5="Facebook")), "Present", IF(A5 < 'Task - Upliftment'!$E$2, IF(OR(B5="Instagram", B5="Facebook"), "Before", "NP"), "NP")) -> NP | I5: =IF(AND(A5 >= 'Task - Upliftment'!$E$3, A5 <= 'Task - Upliftment'!$F$3, OR(B5="Instagram", B5="YouTube")), "Present", IF(A5 < 'Task - Upliftment'!$E$3, IF(OR(B5="Instagram", B5="YouTube"), "Before", "NP"), "NP")) -> Before | J5: =IF(AND(A5 >= 'Task - Upliftment'!$E$4, A5 <= 'Task - Upliftment'!$F$4, OR(B5="Facebook", B5="Twitter")), "Present", IF(A5 < 'Task - Upliftment'!$E$4, IF(OR(B5="Facebook", B5="Twitter"), "Before", "NP"), "NP")) -> NP | K5: =IF(AND(A5 >= 'Task - Upliftment'!$E$5, A5 <= 'Task - Upliftment'!$F$5, OR(B5="Instagram", B5="Twitter")), "Present", IF(A5 < 'Task - Upliftment'!$E$5, IF(OR(B5="Instagram", B5="Twitter"), "Before", "NP"), "NP")) -> NP
A6: 2024-06-10 | B6: Instagram | C6: 656 | D6: 139 | E6: 49157 | F6: 9.05 | G6: 9920 | H6: =IF(AND(A6 >= 'Task - Upliftment'!$E$2, A6 <= 'Task - Upliftment'!$F$2, OR(B6="Instagram", B6="Facebook")), "Present", IF(A6 < 'Task - Upliftment'!$E$2, IF(OR(B6="Instagram", B6="Facebook"), "Before", "NP"), "NP")) -> Before | I6: =IF(AND(A6 >= 'Task - Upliftment'!$E$3, A6 <= 'Task - Upliftment'!$F$3, OR(B6="Instagram", B6="YouTube")), "Present", IF(A6 < 'Task - Upliftment'!$E$3, IF(OR(B6="Instagram", B6="YouTube"), "Before", "NP"), "NP")) -> Before | J6: =IF(AND(A6 >= 'Task - Upliftment'!$E$4, A6 <= 'Task - Upliftment'!$F$4, OR(B6="Facebook", B6="Twitter")), "Present", IF(A6 < 'Task - Upliftment'!$E$4, IF(OR(B6="Facebook", B6="Twitter"), "Before", "NP"), "NP")) -> NP | K6: =IF(AND(A6 >= 'Task - Upliftment'!$E$5, A6 <= 'Task - Upliftment'!$F$5, OR(B6="Instagram", B6="Twitter")), "Present", IF(A6 < 'Task - Upliftment'!$E$5, IF(OR(B6="Instagram", B6="Twitter"), "Before", "NP"), "NP")) -> Before
A7: 2024-06-10 | B7: Facebook | C7: 1697 | D7: 414 | E7: 316555 | F7: 2.37 | G7: 7924 | H7: =IF(AND(A7 >= 'Task - Upliftment'!$E$2, A7 <= 'Task - Upliftment'!$F$2, OR(B7="Instagram", B7="Facebook")), "Present", IF(A7 < 'Task - Upliftment'!$E$2, IF(OR(B7="Instagram", B7="Facebook"), "Before", "NP"), "NP")) -> Before | I7: =IF(AND(A7 >= 'Task - Upliftment'!$E$3, A7 <= 'Task - Upliftment'!$F$3, OR(B7="Instagram", B7="YouTube")), "Present", IF(A7 < 'Task - Upliftment'!$E$3, IF(OR(B7="Instagram", B7="YouTube"), "Before", "NP"), "NP")) -> NP | J7: =IF(AND(A7 >= 'Task - Upliftment'!$E$4, A7 <= 'Task - Upliftment'!$F$4, OR(B7="Facebook", B7="Twitter")), "Present", IF(A7 < 'Task - Upliftment'!$E$4, IF(OR(B7="Facebook", B7="Twitter"), "Before", "NP"), "NP")) -> Before | K7: =IF(AND(A7 >= 'Task - Upliftment'!$E$5, A7 <= 'Task - Upliftment'!$F$5, OR(B7="Instagram", B7="Twitter")), "Present", IF(A7 < 'Task - Upliftment'!$E$5, IF(OR(B7="Instagram", B7="Twitter"), "Before", "NP"), "NP")) -> NP
A8: 2024-06-10 | B8: Twitter | C8: 436 | D8: 250 | E8: 254347 | F8: 4.01 | G8: 8912 | H8: =IF(AND(A8 >= 'Task - Upliftment'!$E$2, A8 <= 'Task - Upliftment'!$F$2, OR(B8="Instagram", B8="Facebook")), "Present", IF(A8 < 'Task - Upliftment'!$E$2, IF(OR(B8="Instagram", B8="Facebook"), "Before", "NP"), "NP")) -> NP | I8: =IF(AND(A8 >= 'Task - Upliftment'!$E$3, A8 <= 'Task - Upliftment'!$F$3, OR(B8="Instagram", B8="YouTube")), "Present", IF(A8 < 'Task - Upliftment'!$E$3, IF(OR(B8="Instagram", B8="YouTube"), "Before", "NP"), "NP")) -> NP | J8: =IF(AND(A8 >= 'Task - Upliftment'!$E$4, A8 <= 'Task - Upliftment'!$F$4, OR(B8="Facebook", B8="Twitter")), "Present", IF(A8 < 'Task - Upliftment'!$E$4, IF(OR(B8="Facebook", B8="Twitter"), "Before", "NP"), "NP")) -> Before | K8: =IF(AND(A8 >= 'Task - Upliftment'!$E$5, A8 <= 'Task - Upliftment'!$F$5, OR(B8="Instagram", B8="Twitter")), "Present", IF(A8 < 'Task - Upliftment'!$E$5, IF(OR(B8="Instagram", B8="Twitter"), "Before", "NP"), "NP")) -> Before
A9: 2024-06-10 | B9: YouTube | C9: 1197 | D9: 203 | E9: 413878 | F9: 3.16 | G9: 21205 | H9: =IF(AND(A9 >= 'Task - Upliftment'!$E$2, A9 <= 'Task - Upliftment'!$F$2, OR(B9="Instagram", B9="Facebook")), "Present", IF(A9 < 'Task - Upliftment'!$E$2, IF(OR(B9="Instagram", B9="Facebook"), "Before", "NP"), "NP")) -> NP | I9: =IF(AND(A9 >= 'Task - Upliftment'!$E$3, A9 <= 'Task - Upliftment'!$F$3, OR(B9="Instagram", B9="YouTube")), "Present", IF(A9 < 'Task - Upliftment'!$E$3, IF(OR(B9="Instagram", B9="YouTube"), "Before", "NP"), "NP")) -> Before | J9: =IF(AND(A9 >= 'Task - Upliftment'!$E$4, A9 <= 'Task - Upliftment'!$F$4, OR(B9="Facebook", B9="Twitter")), "Present", IF(A9 < 'Task - Upliftment'!$E$4, IF(OR(B9="Facebook", B9="Twitter"), "Before", "NP"), "NP")) -> NP | K9: =IF(AND(A9 >= 'Task - Upliftment'!$E$5, A9 <= 'Task - Upliftment'!$F$5, OR(B9="Instagram", B9="Twitter")), "Present", IF(A9 < 'Task - Upliftment'!$E$5, IF(OR(B9="Instagram", B9="Twitter"), "Before", "NP"), "NP")) -> NP
A10: 2024-06-17 | B10: Instagram | C10: 1048 | D10: 155 | E10: 456946 | F10: 2.46 | G10: 11329 | H10: =IF(AND(A10 >= 'Task - Upliftment'!$E$2, A10 <= 'Task - Upliftment'!$F$2, OR(B10="Instagram", B10="Facebook")), "Present", IF(A10 < 'Task - Upliftment'!$E$2, IF(OR(B10="Instagram", B10="Facebook"), "Before", "NP"), "NP")) -> Present | I10: =IF(AND(A10 >= 'Task - Upliftment'!$E$3, A10 <= 'Task - Upliftment'!$F$3, OR(B10="Instagram", B10="YouTube")), "Present", IF(A10 < 'Task - Upliftment'!$E$3, IF(OR(B10="Instagram", B10="YouTube"), "Before", "NP"), "NP")) -> Before | J10: =IF(AND(A10 >= 'Task - Upliftment'!$E$4, A10 <= 'Task - Upliftment'!$F$4, OR(B10="Facebook", B10="Twitter")), "Present", IF(A10 < 'Task - Upliftment'!$E$4, IF(OR(B10="Facebook", B10="Twitter"), "Before", "NP"), "NP")) -> NP | K10: =IF(AND(A10 >= 'Task - Upliftment'!$E$5, A10 <= 'Task - Upliftment'!$F$5, OR(B10="Instagram", B10="Twitter")), "Present", IF(A10 < 'Task - Upliftment'!$E$5, IF(OR(B10="Instagram", B10="Twitter"), "Before", "NP"), "NP")) -> Before
A11: 2024-06-17 | B11: Facebook | C11: 1753 | D11: 371 | E11: 169496 | F11: 8.11 | G11: 46670 | H11: =IF(AND(A11 >= 'Task - Upliftment'!$E$2, A11 <= 'Task - Upliftment'!$F$2, OR(B11="Instagram", B11="Facebook")), "Present", IF(A11 < 'Task - Upliftment'!$E$2, IF(OR(B11="Instagram", B11="Facebook"), "Before", "NP"), "NP")) -> Present | I11: =IF(AND(A11 >= 'Task - Upliftment'!$E$3, A11 <= 'Task - Upliftment'!$F$3, OR(B11="Instagram", B11="YouTube")), "Present", IF(A11 < 'Task - Upliftment'!$E$3, IF(OR(B11="Instagram", B11="YouTube"), "Before", "NP"), "NP")) -> NP | J11: =IF(AND(A11 >= 'Task - Upliftment'!$E$4, A11 <= 'Task - Upliftment'!$F$4, OR(B11="Facebook", B11="Twitter")), "Present", IF(A11 < 'Task - Upliftment'!$E$4, IF(OR(B11="Facebook", B11="Twitter"), "Before", "NP"), "NP")) -> Before | K11: =IF(AND(A11 >= 'Task - Upliftment'!$E$5, A11 <= 'Task - Upliftment'!$F$5, OR(B11="Instagram", B11="Twitter")), "Present", IF(A11 < 'Task - Upliftment'!$E$5, IF(OR(B11="Instagram", B11="Twitter"), "Before", "NP"), "NP")) -> NP
A12: 2024-06-17 | B12: Twitter | C12: 1335 | D12: 40 | E12: 122732 | F12: 8.19 | G12: 22482 | H12: =IF(AND(A12 >= 'Task - Upliftment'!$E$2, A12 <= 'Task - Upliftment'!$F$2, OR(B12="Instagram", B12="Facebook")), "Present", IF(A12 < 'Task - Upliftment'!$E$2, IF(OR(B12="Instagram", B12="Facebook"), "Before", "NP"), "NP")) -> NP | I12: =IF(AND(A12 >= 'Task - Upliftment'!$E$3, A12 <= 'Task - Upliftment'!$F$3, OR(B12="Instagram", B12="YouTube")), "Present", IF(A12 < 'Task - Upliftment'!$E$3, IF(OR(B12="Instagram", B12="YouTube"), "Before", "NP"), "NP")) -> NP | J12: =IF(AND(A12 >= 'Task - Upliftment'!$E$4, A12 <= 'Task - Upliftment'!$F$4, OR(B12="Facebook", B12="Twitter")), "Present", IF(A12 < 'Task - Upliftment'!$E$4, IF(OR(B12="Facebook", B12="Twitter"), "Before", "NP"), "NP")) -> Before | K12: =IF(AND(A12 >= 'Task - Upliftment'!$E$5, A12 <= 'Task - Upliftment'!$F$5, OR(B12="Instagram", B12="Twitter")), "Present", IF(A12 < 'Task - Upliftment'!$E$5, IF(OR(B12="Instagram", B12="Twitter"), "Before", "NP"), "NP")) -> Before
A13: 2024-06-17 | B13: YouTube | C13: 403 | D13: 66 | E13: 382851 | F13: 3.49 | G13: 24313 | H13: =IF(AND(A13 >= 'Task - Upliftment'!$E$2, A13 <= 'Task - Upliftment'!$F$2, OR(B13="Instagram", B13="Facebook")), "Present", IF(A13 < 'Task - Upliftment'!$E$2, IF(OR(B13="Instagram", B13="Facebook"), "Before", "NP"), "NP")) -> NP | I13: =IF(AND(A13 >= 'Task - Upliftment'!$E$3, A13 <= 'Task - Upliftment'!$F$3, OR(B13="Instagram", B13="YouTube")), "Present", IF(A13 < 'Task - Upliftment'!$E$3, IF(OR(B13="Instagram", B13="YouTube"), "Before", "NP"), "NP")) -> Before | J13: =IF(AND(A13 >= 'Task - Upliftment'!$E$4, A13 <= 'Task - Upliftment'!$F$4, OR(B13="Facebook", B13="Twitter")), "Present", IF(A13 < 'Task - Upliftment'!$E$4, IF(OR(B13="Facebook", B13="Twitter"), "Before", "NP"), "NP")) -> NP | K13: =IF(AND(A13 >= 'Task - Upliftment'!$E$5, A13 <= 'Task - Upliftment'!$F$5, OR(B13="Instagram", B13="Twitter")), "Present", IF(A13 < 'Task - Upliftment'!$E$5, IF(OR(B13="Instagram", B13="Twitter"), "Before", "NP"), "NP")) -> NP
... A201: 2025-05-12 | B201: YouTube | C201: 119 | D201: 456 | E201: 82558 | F201: 6.81 | G201: 12174 | H201: =IF(AND(A201 >= 'Task - Upliftment'!$E$2, A201 <= 'Task - Upliftment'!$F$2, OR(B201="Instagram", B201="Facebook")), "Present", IF(A201 < 'Task - Upliftment'!$E$2, IF(OR(B201="Instagram", B201="Facebook"), "Before", "NP"), "NP")) -> NP | I201: =IF(AND(A201 >= 'Task - Upliftment'!$E$3, A201 <= 'Task - Upliftment'!$F$3, OR(B201="Instagram", B201="YouTube")), "Present", IF(A201 < 'Task - Upliftment'!$E$3, IF(OR(B201="Instagram", B201="YouTube"), "Before", "NP"), "NP")) -> NP | J201: =IF(AND(A201 >= 'Task - Upliftment'!$E$4, A201 <= 'Task - Upliftment'!$F$4, OR(B201="Facebook", B201="Twitter")), "Present", IF(A201 < 'Task - Upliftment'!$E$4, IF(OR(B201="Facebook", B201="Twitter"), "Before", "NP"), "NP")) -> NP | K201: =IF(AND(A201 >= 'Task - Upliftment'!$E$5, A201 <= 'Task - Upliftment'!$F$5, OR(B201="Instagram", B201="Twitter")), "Present", IF(A201 < 'Task - Upliftment'!$E$5, IF(OR(B201="Instagram", B201="Twitter"), "Before", "NP"), "NP")) -> NP

Sheet Task 5.1.1
A1: Campaign Name | B1: Average Likes | C1: Average Impression | D1: Average Clicks
A2: SummerSplash | B2: =AVERAGEIF('Data Used -1'!M:M,A2,'Data Used -1'!F:F) -> 2891.5208 | C2: =AVERAGEIF('Data Used -1'!M:M,A2,'Data Used -1'!I:I) -> 38464 | D2: =AVERAGEIF('Data Used -1'!M:M,A2,'Data Used -1'!K:K) -> 134.04167
A3: FestiveRadiance | B3: =AVERAGEIF('Data Used -1'!M:M,A3,'Data Used -1'!F:F) -> 2754.8793 | C3: =AVERAGEIF('Data Used -1'!M:M,A3,'Data Used -1'!I:I) -> 34247.517 | D3: =AVERAGEIF('Data Used -1'!M:M,A3,'Data Used -1'!K:K) -> 170.2069
A4: NewYearRefresh | B4: =AVERAGEIF('Data Used -1'!M:M,A4,'Data Used -1'!F:F) -> 2736.5075 | C4: =AVERAGEIF('Data Used -1'!M:M,A4,'Data Used -1'!I:I) -> 33821.687 | D4: =AVERAGEIF('Data Used -1'!M:M,A4,'Data Used -1'!K:K) -> 149.73134
A5: DailyWellness | B5: =AVERAGEIF('Data Used -1'!M:M,A5,'Data Used -1'!F:F) -> 2646.6056 | C5: =AVERAGEIF('Data Used -1'!M:M,A5,'Data Used -1'!I:I) -> 34716.394 | D5: =AVERAGEIF('Data Used -1'!M:M,A5,'Data Used -1'!K:K) -> 150.5493
A8: Campaign Name | B8: Sum Likes | C8: Sum Impression | D8: Sum Clicks
A9: SummerSplash | B9: =SUMIF('Data Used -1'!M:M,Sum[[#This Row],[Campaign Name]],'Data Used -1'!F:F) -> 138793 | C9: =SUMIF('Data Used -1'!M:M,A9,'Data Used -1'!I:I) -> 1846272 | D9: =SUMIF('Data Used -1'!M:M,A9,'Data Used -1'!K:K) -> 6434
A10: FestiveRadiance | B10: =SUMIF('Data Used -1'!M:M,A3,'Data Used -1'!F:F) -> 159783 | C10: =SUMIF('Data Used -1'!M:M,A10,'Data Used -1'!I:I) -> 1986356 | D10: =SUMIF('Data Used -1'!M:M,A10,'Data Used -1'!K:K) -> 9872
A11: NewYearRefresh | B11: =SUMIF('Data Used -1'!M:M,A4,'Data Used -1'!F:F) -> 183346 | C11: =SUMIF('Data Used -1'!M:M,A11,'Data Used -1'!I:I) -> 2266053 | D11: =SUMIF('Data Used -1'!M:M,A11,'Data Used -1'!K:K) -> 10032
A12: DailyWellness | B12: =SUMIF('Data Used -1'!M:M,A5,'Data Used -1'!F:F) -> 187909 | C12: =SUMIF('Data Used -1'!M:M,A12,'Data Used -1'!I:I) -> 2464864 | D12: =SUMIF('Data Used -1'!M:M,A12,'Data Used -1'!K:K) -> 10689

Sheet Task - Upliftment
A1: Campaign_Name | B1: Engagement During Campain Period | C1: Engagement Before Campain Period | D1: Engagement Uplift | E1: Start_Date | F1: End_Date
A2: SummerSplash | B2: =AVERAGEIF('Data Used - 3'!H:H,"Present",'Data Used - 3'!F:F) -> 6.128 | C2: =AVERAGEIF('Data Used - 3'!H:H,"Before",'Data Used - 3'!F:F) -> 6.115 | D2: =(B2-C2)/C2 -> 0.0021259199 | E2: 2024-06-15 | F2: 2024-07-15
A3: FestiveRadiance | B3: =AVERAGEIF('Data Used - 3'!I:I,"Present",'Data Used - 3'!F:F) -> 5.71625 | C3: =+AVERAGEIF('Data Used - 3'!I:I,"Before",'Data Used - 3'!F:F) -> 5.6236111 | D3: =(B3-C3)/C3 -> 0.016473203 | E3: 2024-10-01 | F3: 2024-10-31
A4: NewYearRefresh | B4: =AVERAGEIF('Data Used - 3'!J:J,"Present",'Data Used - 3'!F:F) -> 4.5475 | C4: =+AVERAGEIF('Data Used - 3'!J:J,"Before",'Data Used - 3'!F:F) -> 5.8706667 | D4: =(B4-C4)/C4 -> -0.2253861 | E4: 2024-12-25 | F4: 2025-01-10
A5: DailyWellness | B5: =AVERAGEIF('Data Used - 3'!K:K,"Present",'Data Used - 3'!F:F) -> 5.967 | C5: =AVERAGEIF('Data Used - 3'!K:K,"Before",'Data Used - 3'!F:F) -> 5.795641 | D5: =(B5-C5)/C5 -> 0.029566872 | E5: 2025-03-01 | F5: 2025-03-31

Sheet Task - ROI
A1: Campaign_Name | B1: Campaign_Budget | C1: Avg_Enagaement | D1: ROI
A2: SummerSplash | B2: 150000 | C2: =AVERAGEIF('Data Used - 3'!H:H,"Present",'Data Used - 3'!$F:$F) -> 6.128 | D2: =C2/B2*100 -> 0.0040853333
A3: FestiveRadiance | B3: 200000 | C3: =AVERAGEIF('Data Used - 3'!I:I,"Present",'Data Used - 3'!$F:$F) -> 5.71625 | D3: =C3/B3*100 -> 0.002858125
A4: NewYearRefresh | B4: 250000 | C4: =AVERAGEIF('Data Used - 3'!J:J,"Present",'Data Used - 3'!$F:$F) -> 4.5475 | D4: =C4/B4*100 -> 0.001819
A5: DailyWellness | B5: 180000 | C5: =AVERAGEIF('Data Used - 3'!K:K,"Present",'Data Used - 3'!$F:$F) -> 5.967 | D5: =C5/B5*100 -> 0.003315

Sheet Followers Growth
A1: Campaign_Name | B1: Total Followers Before campaign start | C1: Total New Followers | D1: Total Unfollows | E1: Growt_Rate | F1: Start_Date | G1: End_Date
A2: SummerSplash | B2: =SUMIF('Data Used - 3'!H:H,"Before",'Data Used - 3'!E:E) -> 752450 | C2: =SUMIF('Data Used - 3'!H:H,"Present",'Data Used - 3'!C:C) -> 10459 | D2: =SUMIF('Data Used - 3'!H:H,"Present",'Data Used - 3'!D:D) -> 2378 | E2: =((C2-D2)/B2) -> 0.010739584 | F2: 2024-06-15 | G2: 2024-07-15
A3: FestiveRadiance | B3: =SUMIF('Data Used - 3'!I:I,"Before",'Data Used - 3'!E:E) -> 8998409 | C3: =SUMIF('Data Used - 3'!I:I,"Present",'Data Used - 3'!C:C) -> 9053 | D3: =SUMIF('Data Used - 3'!I:I,"Present",'Data Used - 3'!D:D) -> 1493 | E3: =((C3-D3)/B3) -> 0.00084014852 | F3: 2024-10-01 | G3: 2024-10-31
A4: NewYearRefresh | B4: =SUMIF('Data Used - 3'!J:J,"Before",'Data Used - 3'!E:E) -> 16253254 | C4: =SUMIF('Data Used - 3'!J:J,"Present",'Data Used - 3'!C:C) -> 6215 | D4: =SUMIF('Data Used - 3'!J:J,"Present",'Data Used - 3'!D:D) -> 1102 | E4: =((C4-D4)/B4) -> 0.00031458316 | F4: 2024-12-25 | G4: 2025-01-10
A5: DailyWellness | B5: =SUMIF('Data Used - 3'!K:K,"Before",'Data Used - 3'!E:E) -> 21395555 | C5: =SUMIF('Data Used - 3'!K:K,"Present",'Data Used - 3'!C:C) -> 10121 | D5: =SUMIF('Data Used - 3'!K:K,"Present",'Data Used - 3'!D:D) -> 1734 | E5: =((C5-D5)/B5) -> 0.00039199731 | F5: 2025-03-01 | G5: 2025-03-31
