Workbook

Sheet Data Used - 1
A1: Post ID | B1: Platform | C1: Date | D1: Content Type | E1: Post Text | F1: Likes | G1: Shares | H1: Comments | I1: Impressions | J1: Reach | K1: Clicks | L1: Hashtags Used | M1: Hashtags Used 2 | N1: Hashtags Used 3 | O1: Hashtag Presence | P1: Campaign_Name | Q1: Engagement Rate
A2: P001 | B2: Twitter | C2: 2024-12-23 | D2: Reel | E2: Check out our latest reel on twitter! | F2: 1461 | G2: 184 | H2: 344 | I2: 21915 | J2: 21675 | K2: 15 | L2: #LiveForNow | M2: #AnytimeIsPepsiTime | P2: SummerSplash | Q2: =(F2+G2+H2)/I2 -> 0.090759754
A3: P002 | B3: Twitter | C3: 2025-04-03 | D3: Text | E3: Check out our latest text on twitter! | F3: 4054 | G3: 389 | H3: 493 | I3: 64864 | J3: 64383 | K3: 117 | L3: #PepsiCoRefresh | M3: #BetterWithPepsi | P3: FestiveRadiance | Q3: =(F3+G3+H3)/I3 -> 0.076097681
A4: P003 | B4: YouTube | C4: 2025-05-12 | D4: Reel | E4: Check out our latest reel on youtube! | F4: 2795 | G4: 105 | H4: 49 | I4: 53105 | J4: 52307 | K4: 204 | L4: #PepsiCoRefresh | P4: NewYearRefresh | Q4: =(F4+G4+H4)/I4 -> 0.055531494
A5: P004 | B5: Instagram | C5: 2024-08-12 | D5: Story | E5: Check out our latest story on instagram! | F5: 2404 | G5: 363 | H5: 138 | I5: 19232 | J5: 18636 | K5: 128 | L5: #ThirstyForMore | P5: DailyWellness | Q5: =(F5+G5+H5)/I5 -> 0.15105033
A6: P005 | B6: YouTube | C6: 2024-06-26 | D6: Reel | E6: Check out our latest reel on youtube! | F6: 3557 | G6: 687 | H6: 424 | I6: 71140 | J6: 70701 | K6: 224 | L6: #ThirstyForMore | M6: #PepsiCoRefresh | P6: SummerSplash | Q6: =(F6+G6+H6)/I6 -> 0.065617093
A7: P006 | B7: Facebook | C7: 2024-10-31 | D7: Carousel | E7: Check out our latest carousel on facebook! | F7: 2945 | G7: 930 | H7: 355 | I7: 23560 | J7: 23275 | K7: 256 | L7: #PepsiCoRefresh | P7: FestiveRadiance | Q7: =(F7+G7+H7)/I7 -> 0.1795416
A8: P007 | B8: Twitter | C8: 2024-06-24 | D8: Carousel | E8: Check out our latest carousel on twitter! | F8: 3860 | G8: 201 | H8: 279 | I8: 61760 | J8: 61660 | K8: 235 | L8: #PepsiCoRefresh | P8: FestiveRadiance | Q8: =(F8+G8+H8)/I8 -> 0.070272021
A9: P008 | B9: YouTube | C9: 2024-07-13 | D9: Image | E9: Check out our latest image on youtube! | F9: 3929 | G9: 262 | H9: 278 | I9: 43219 | J9: 42841 | K9: 39 | L9: #ThirstyForMore | P9: DailyWellness | Q9: =(F9+G9+H9)/I9 -> 0.1034036
A10: P009 | B10: Facebook | C10: 2024-08-30 | D10: Text | E10: Check out our latest text on facebook! | F10: 3784 | G10: 808 | H10: 404 | I10: 56760 | J10: 56343 | K10: 131 | L10: #PepsiCoRefresh | P10: FestiveRadiance | Q10: =(F10+G10+H10)/I10 -> 0.088019732
A11: P010 | B11: Facebook | C11: 2025-03-11 | D11: Image | E11: Check out our latest image on facebook! | F11: 4241 | G11: 902 | H11: 47 | I11: 72097 | J11: 71598 | K11: 167 | L11: #PepsiCoRefresh | P11: FestiveRadiance | Q11: =(F11+G11+H11)/I11 -> 0.071986352
A12: P011 | B12: Instagram | C12: 2025-02-02 | D12: Story | E12: Check out our latest story on instagram! | F12: 1792 | G12: 614 | H12: 497 | I12: 25088 | J12: 24675 | K12: 65 | L12: #LiveForNow | P12: DailyWellness | Q12: =(F12+G12+H12)/I12 -> 0.11571269
A13: P012 | B13: Facebook | C13: 2024-07-21 | D13: Reel | E13: Check out our latest reel on facebook! | F13: 1946 | G13: 686 | H13: 377 | I13: 23352 | J13: 22982 | K13: 213 | L13: #LiveForNow | P13: NewYearRefresh | Q13: =(F13+G13+H13)/I13 -> 0.12885406
A14: P013 | B14: YouTube | C14: 2024-11-18 | D14: Carousel | E14: Check out our latest carousel on youtube! | F14: 1171 | G14: 286 | H14: 231 | I14: 22249 | J14: 21282 | K14: 114 | L14: #ThirstyForMore | P14: SummerSplash | Q14: =(F14+G14+H14)/I14 -> 0.075868578
A15: P014 | B15: Facebook | C15: 2025-02-16 | D15: Story | E15: Check out our latest story on facebook! | F15: 4242 | G15: 555 | H15: 131 | I15: 33936 | J15: 33802 | K15: 265 | L15: #LiveForNow | Q15: =(F15+G15+H15)/I15 -> 0.14521452
A16: P015 | B16: Facebook | C16: 2024-10-24 | D16: Video | E16: Check out our latest video on facebook! | F16: 3888 | G16: 604 | H16: 128 | I16: 77760 | J16: 77167 | K16: 20 | L16: #LiveForNow | P16: SummerSplash | Q16: =(F16+G16+H16)/I16 -> 0.05941358
A17: P016 | B17: Facebook | C17: 2024-08-26 | D17: Text | E17: Check out our latest text on facebook! | F17: 3452 | G17: 377 | H17: 360 | I17: 55232 | J17: 55075 | K17: 87 | L17: #LiveForNow | P17: NewYearRefresh | Q17: =(F17+G17+H17)/I17 -> 0.075843714
A18: P017 | B18: Facebook | C18: 2025-05-05 | D18: Text | E18: Check out our latest text on facebook! | F18: 4441 | G18: 511 | H18: 70 | I18: 53292 | J18: 53082 | K18: 159 | L18: #ThirstyForMore | P18: DailyWellness | Q18: =(F18+G18+H18)/I18 -> 0.094235533
A19: P018 | B19: Instagram | C19: 2024-08-19 | D19: Reel | E19: Check out our latest reel on instagram! | F19: 3000 | G19: 382 | H19: 325 | I19: 36000 | J19: 35819 | K19: 19 | L19: #LiveForNow | P19: SummerSplash | Q19: =(F19+G19+H19)/I19 -> 0.10297222
A20: P019 | B20: Instagram | C20: 2024-06-23 | D20: Video | E20: Check out our latest video on instagram! | F20: 1071 | G20: 519 | H20: 22 | I20: 16065 | J20: 15865 | K20: 103 | L20: #PepsiCoRefresh | P20: DailyWellness | Q20: =(F20+G20+H20)/I20 -> 0.10034236
A21: P020 | B21: Instagram | C21: 2024-09-09 | D21: Carousel | E21: Check out our latest carousel on instagram! | F21: 4054 | G21: 488 | H21: 373 | I21: 77026 | J21: 76881 | K21: 25 | L21: #PepsiCoRefresh | P21: SummerSplash | Q21: =(F21+G21+H21)/I21 -> 0.063809623
A22: P021 | B22: Instagram | C22: 2025-01-04 | D22: Reel | E22: Check out our latest reel on instagram! | F22: 4838 | G22: 640 | H22: 128 | I22: 72570 | J22: 72396 | K22: 83 | L22: #LiveForNow | P22: DailyWellness | Q22: =(F22+G22+H22)/I22 -> 0.077249552
A23: P022 | B23: Facebook | C23: 2025-02-27 | D23: Text | E23: Check out our latest text on facebook! | F23: 1570 | G23: 187 | H23: 260 | I23: 25120 | J23: 24613 | K23: 133 | L23: #PepsiCoRefresh | P23: DailyWellness | Q23: =(F23+G23+H23)/I23 -> 0.080294586
A24: P023 | B24: Facebook | C24: 2024-11-06 | D24: Video | E24: Check out our latest video on facebook! | F24: 1606 | G24: 547 | H24: 316 | I24: 32120 | J24: 31736 | K24: 225 | L24: #PepsiCoRefresh | M24: #AnytimeIsPepsiTime | P24: FestiveRadiance | Q24: =(F24+G24+H24)/I24 -> 0.076867995
A25: P024 | B25: Facebook | C25: 2025-01-23 | D25: Video | E25: Check out our latest video on facebook! | F25: 3961 | G25: 761 | H25: 131 | I25: 67337 | J25: 66615 | K25: 161 | L25: #LiveForNow | P25: NewYearRefresh | Q25: =(F25+G25+H25)/I25 -> 0.072070333
A26: P025 | B26: Twitter | C26: 2025-04-10 | D26: Carousel | E26: Check out our latest carousel on twitter! | F26: 3128 | G26: 211 | H26: 197 | I26: 59432 | J26: 59182 | K26: 238 | L26: #ThirstyForMore | Q26: =(F26+G26+H26)/I26 -> 0.059496568
A27: P026 | B27: YouTube | C27: 2025-04-05 | D27: Reel | E27: Check out our latest reel on youtube! | F27: 3009 | G27: 413 | H27: 358 | I27: 42126 | J27: 41309 | K27: 211 | L27: #LiveForNow | P27: FestiveRadiance | Q27: =(F27+G27+H27)/I27 -> 0.089730808
A28: P027 | B28: YouTube | C28: 2024-09-17 | D28: Text | E28: Check out our latest text on youtube! | F28: 2076 | G28: 195 | H28: 104 | I28: 33216 | J28: 32244 | K28: 51 | L28: #LiveForNow | P28: DailyWellness | Q28: =(F28+G28+H28)/I28 -> 0.071501686
A29: P028 | B29: Instagram | C29: 2025-03-04 | D29: Video | E29: Check out our latest video on instagram! | F29: 432 | G29: 624 | H29: 123 | I29: 6912 | J29: 6259 | K29: 79 | L29: #LiveForNow | P29: DailyWellness | Q29: =(F29+G29+H29)/I29 -> 0.17057292
A30: P029 | B30: Instagram | C30: 2025-01-31 | D30: Carousel | E30: Check out our latest carousel on instagram! | F30: 2566 | G30: 118 | H30: 37 | I30: 12830 | J30: 12264 | K30: 221 | L30: #LiveForNow | P30: NewYearRefresh | Q30: =(F30+G30+H30)/I30 -> 0.21208106
A31: P030 | B31: Instagram | C31: 2025-02-25 | D31: Video | E31: Check out our latest video on instagram! | F31: 3095 | G31: 39 | H31: 78 | I31: 55710 | J31: 54808 | K31: 93 | L31: #ThirstyForMore | Q31: =(F31+G31+H31)/I31 -> 0.057655717
A32: P031 | B32: Instagram | C32: 2024-12-16 | D32: Text | E32: Check out our latest text on instagram! | F32: 438 | G32: 153 | H32: 275 | I32: 3066 | J32: 2701 | K32: 282 | L32: #PepsiCoRefresh | P32: FestiveRadiance | Q32: =(F32+G32+H32)/I32 -> 0.28245271
A33: P032 | B33: Twitter | C33: 2024-07-31 | D33: Carousel | E33: Check out our latest carousel on twitter! | F33: 2278 | G33: 10 | H33: 321 | I33: 13668 | J33: 12676 | K33: 275 | L33: #ThirstyForMore | P33: SummerSplash | Q33: =(F33+G33+H33)/I33 -> 0.19088382
A34: P033 | B34: Facebook | C34: 2024-08-21 | D34: Image | E34: Check out our latest image on facebook! | F34: 1407 | G34: 400 | H34: 351 | I34: 16884 | J34: 15954 | K34: 113 | L34: #PepsiCoRefresh | P34: SummerSplash | Q34: =(F34+G34+H34)/I34 -> 0.12781331
A35: P034 | B35: Facebook | C35: 2025-03-26 | D35: Text | E35: Check out our latest text on facebook! | F35: 1652 | G35: 89 | H35: 357 | I35: 29736 | J35: 28771 | K35: 215 | L35: #PepsiCoRefresh | P35: NewYearRefresh | Q35: =(F35+G35+H35)/I35 -> 0.07055421
A36: P035 | B36: Instagram | C36: 2024-11-30 | D36: Video | E36: Check out our latest video on instagram! | F36: 3775 | G36: 16 | H36: 239 | I36: 33975 | J36: 33310 | K36: 271 | L36: #LiveForNow | P36: FestiveRadiance | Q36: =(F36+G36+H36)/I36 -> 0.11861663
A37: P036 | B37: Instagram | C37: 2025-04-19 | D37: Story | E37: Check out our latest story on instagram! | F37: 4518 | G37: 285 | H37: 383 | I37: 67770 | J37: 67621 | K37: 31 | L37: #ThirstyForMore | P37: FestiveRadiance | Q37: =(F37+G37+H37)/I37 -> 0.076523535
A38: P037 | B38: Facebook | C38: 2025-01-06 | D38: Carousel | E38: Check out our latest carousel on facebook! | F38: 3024 | G38: 925 | H38: 350 | I38: 24192 | J38: 23518 | K38: 36 | L38: #ThirstyForMore | P38: FestiveRadiance | Q38: =(F38+G38+H38)/I38 -> 0.17770337
A39: P038 | B39: YouTube | C39: 2025-02-17 | D39: Reel | E39: Check out our latest reel on youtube! | F39: 3138 | G39: 123 | H39: 291 | I39: 28242 | J39: 27550 | K39: 87 | L39: #PepsiCoRefresh | P39: DailyWellness | Q39: =(F39+G39+H39)/I39 -> 0.12577013
A40: P039 | B40: Facebook | C40: 2024-11-25 | D40: Image | E40: Check out our latest image on facebook! | F40: 3564 | G40: 629 | H40: 177 | I40: 60588 | J40: 59627 | K40: 92 | L40: #PepsiCoRefresh | Q40: =(F40+G40+H40)/I40 -> 0.072126494
A41: P040 | B41: Twitter | C41: 2025-03-07 | D41: Image | E41: Check out our latest image on twitter! | F41: 4750 | G41: 151 | H41: 415 | I41: 38000 | J41: 37792 | K41: 299 | L41: #ThirstyForMore | P41: DailyWellness | Q41: =(F41+G41+H41)/I41 -> 0.13989474
A42: P041 | B42: Instagram | C42: 2025-03-08 | D42: Reel | E42: Check out our latest reel on instagram! | F42: 456 | G42: 629 | H42: 428 | I42: 8208 | J42: 7377 | K42: 205 | L42: #LiveForNow | P42: DailyWellness | Q42: =(F42+G42+H42)/I42 -> 0.18433236
A43: P042 | B43: YouTube | C43: 2025-03-05 | D43: Reel | E43: Check out our latest reel on youtube! | F43: 1543 | G43: 820 | H43: 333 | I43: 12344 | J43: 11496 | K43: 241 | L43: #ThirstyForMore | Q43: =(F43+G43+H43)/I43 -> 0.2184057
A44: P043 | B44: Instagram | C44: 2024-12-14 | D44: Carousel | E44: Check out our latest carousel on instagram! | F44: 2174 | G44: 658 | H44: 15 | I44: 13044 | J44: 12206 | K44: 137 | L44: #PepsiCoRefresh | P44: NewYearRefresh | Q44: =(F44+G44+H44)/I44 -> 0.21826127
A45: P044 | B45: Twitter | C45: 2025-03-02 | D45: Image | E45: Check out our latest image on twitter! | F45: 2358 | G45: 784 | H45: 344 | I45: 35370 | J45: 34475 | K45: 216 | L45: #PepsiCoRefresh | Q45: =(F45+G45+H45)/I45 -> 0.0985581
A46: P045 | B46: Facebook | C46: 2024-11-01 | D46: Video | E46: Check out our latest video on facebook! | F46: 3371 | G46: 106 | H46: 327 | I46: 50565 | J46: 49816 | K46: 176 | L46: #LiveForNow | P46: SummerSplash | Q46: =(F46+G46+H46)/I46 -> 0.075229902
A47: P046 | B47: Twitter | C47: 2025-05-02 | D47: Video | E47: Check out our latest video on twitter! | F47: 1108 | G47: 177 | H47: 212 | I47: 8864 | J47: 8710 | K47: 97 | L47: #PepsiCoRefresh | P47: DailyWellness | Q47: =(F47+G47+H47)/I47 -> 0.16888538
A48: P047 | B48: Twitter | C48: 2025-02-24 | D48: Carousel | E48: Check out our latest carousel on twitter! | F48: 2704 | G48: 752 | H48: 153 | I48: 21632 | J48: 20792 | K48: 127 | L48: #LiveForNow | Q48: =(F48+G48+H48)/I48 -> 0.16683617
A49: P048 | B49: Twitter | C49: 2025-03-11 | D49: Story | E49: Check out our latest story on twitter! | F49: 1950 | G49: 295 | H49: 478 | I49: 37050 | J49: 36272 | K49: 119 | L49: #PepsiCoRefresh | Q49: =(F49+G49+H49)/I49 -> 0.073495277
A50: P049 | B50: Twitter | C50: 2024-06-10 | D50: Story | E50: Check out our latest story on twitter! | F50: 2164 | G50: 549 | H50: 274 | I50: 28132 | J50: 27361 | K50: 177 | L50: #PepsiCoRefresh | P50: DailyWellness | Q50: =(F50+G50+H50)/I50 -> 0.10617802
A51: P050 | B51: YouTube | C51: 2024-07-03 | D51: Story | E51: Check out our latest story on youtube! | F51: 2754 | G51: 130 | H51: 90 | I51: 22032 | J51: 21288 | K51: 112 | L51: #PepsiCoRefresh | P51: NewYearRefresh | Q51: =(F51+G51+H51)/I51 -> 0.13498548
A52: P051 | B52: Facebook | C52: 2024-06-13 | D52: Carousel | E52: Check out our latest carousel on facebook! | F52: 2200 | G52: 504 | H52: 239 | I52: 37400 | J52: 36938 | K52: 225 | L52: #LiveForNow | P52: FestiveRadiance | Q52: =(F52+G52+H52)/I52 -> 0.07868984
A53: P052 | B53: Facebook | C53: 2025-01-03 | D53: Image | E53: Check out our latest image on facebook! | F53: 947 | G53: 338 | H53: 350 | I53: 10417 | J53: 9730 | K53: 34 | L53: #PepsiCoRefresh | P53: DailyWellness | Q53: =(F53+G53+H53)/I53 -> 0.15695498
A54: P053 | B54: YouTube | C54: 2025-02-24 | D54: Carousel | E54: Check out our latest carousel on youtube! | F54: 804 | G54: 639 | H54: 43 | I54: 4020 | J54: 3144 | K54: 11 | L54: #ThirstyForMore | M54: #BetterWithPepsi | Q54: =(F54+G54+H54)/I54 -> 0.36965174
A55: P054 | B55: YouTube | C55: 2025-03-13 | D55: Carousel | E55: Check out our latest carousel on youtube! | F55: 1686 | G55: 904 | H55: 472 | I55: 18546 | J55: 18171 | K55: 52 | L55: #LiveForNow | P55: FestiveRadiance | Q55: =(F55+G55+H55)/I55 -> 0.16510299
A56: P055 | B56: Facebook | C56: 2024-06-17 | D56: Image | E56: Check out our latest image on facebook! | F56: 1226 | G56: 119 | H56: 7 | I56: 14712 | J56: 14049 | K56: 123 | L56: #ThirstyForMore | P56: DailyWellness | Q56: =(F56+G56+H56)/I56 -> 0.091897771
A57: P056 | B57: Facebook | C57: 2024-12-18 | D57: Carousel | E57: Check out our latest carousel on facebook! | F57: 2946 | G57: 498 | H57: 367 | I57: 29460 | J57: 28527 | K57: 60 | L57: #LiveForNow | P57: NewYearRefresh | Q57: =(F57+G57+H57)/I57 -> 0.12936185
A58: P057 | B58: Twitter | C58: 2024-10-21 | D58: Video | E58: Check out our latest video on twitter! | F58: 2825 | G58: 535 | H58: 295 | I58: 45200 | J58: 44739 | K58: 169 | L58: #PepsiCoRefresh | P58: SummerSplash | Q58: =(F58+G58+H58)/I58 -> 0.080862832
A59: P058 | B59: Instagram | C59: 2025-04-15 | D59: Reel | E59: Check out our latest reel on instagram! | F59: 103 | G59: 770 | H59: 19 | I59: 1030 | J59: 410 | K59: 262 | L59: #PepsiCoRefresh | P59: DailyWellness | Q59: =(F59+G59+H59)/I59 -> 0.86601942
A60: P059 | B60: Instagram | C60: 2024-06-22 | D60: Text | E60: Check out our latest text on instagram! | F60: 2180 | G60: 263 | H60: 387 | I60: 30520 | J60: 30059 | K60: 174 | L60: #ThirstyForMore | Q60: =(F60+G60+H60)/I60 -> 0.092726081
A61: P060 | B61: Instagram | C61: 2025-01-28 | D61: Video | E61: Check out our latest video on instagram! | F61: 904 | G61: 973 | H61: 63 | I61: 11752 | J61: 11580 | K61: 84 | L61: #ThirstyForMore | M61: #PepsiCoRefresh | N61: #AnytimeIsPepsiTime | P61: NewYearRefresh | Q61: =(F61+G61+H61)/I61 -> 0.16507828
A62: P061 | B62: Twitter | C62: 2024-09-05 | D62: Video | E62: Check out our latest video on twitter! | F62: 4886 | G62: 983 | H62: 409 | I62: 43974 | J62: 43239 | K62: 65 | L62: #PepsiCoRefresh | P62: SummerSplash | Q62: =(F62+G62+H62)/I62 -> 0.14276618
A63: P062 | B63: Twitter | C63: 2024-11-22 | D63: Carousel | E63: Check out our latest carousel on twitter! | F63: 53 | G63: 81 | H63: 379 | I63: 954 | J63: 7 | K63: 148 | L63: #PepsiCoRefresh | P63: NewYearRefresh | Q63: =(F63+G63+H63)/I63 -> 0.53773585
A64: P063 | B64: Twitter | C64: 2024-07-31 | D64: Carousel | E64: Check out our latest carousel on twitter! | F64: 4507 | G64: 217 | H64: 13 | I64: 90140 | J64: 89591 | K64: 125 | L64: #LiveForNow | P64: NewYearRefresh | Q64: =(F64+G64+H64)/I64 -> 0.052551586
A65: P064 | B65: Facebook | C65: 2024-08-17 | D65: Image | E65: Check out our latest image on facebook! | F65: 2878 | G65: 248 | H65: 416 | I65: 43170 | J65: 42667 | K65: 75 | L65: #LiveForNow | P65: NewYearRefresh | Q65: =(F65+G65+H65)/I65 -> 0.082047718
A66: P065 | B66: Instagram | C66: 2025-03-28 | D66: Story | E66: Check out our latest story on instagram! | F66: 1881 | G66: 501 | H66: 99 | I66: 20691 | J66: 19987 | K66: 289 | L66: #ThirstyForMore | Q66: =(F66+G66+H66)/I66 -> 0.11990721
A67: P066 | B67: Twitter | C67: 2024-07-26 | D67: Carousel | E67: Check out our latest carousel on twitter! | F67: 432 | G67: 171 | H67: 280 | I67: 3024 | J67: 2285 | K67: 184 | L67: #ThirstyForMore | P67: SummerSplash | Q67: =(F67+G67+H67)/I67 -> 0.29199735
A68: P067 | B68: Facebook | C68: 2025-03-29 | D68: Carousel | E68: Check out our latest carousel on facebook! | F68: 4712 | G68: 568 | H68: 127 | I68: 84816 | J68: 84691 | K68: 100 | L68: #ThirstyForMore | P68: NewYearRefresh | Q68: =(F68+G68+H68)/I68 -> 0.063749764
A69: P068 | B69: Instagram | C69: 2024-12-08 | D69: Story | E69: Check out our latest story on instagram! | F69: 2610 | G69: 126 | H69: 288 | I69: 15660 | J69: 15145 | K69: 73 | L69: #ThirstyForMore | Q69: =(F69+G69+H69)/I69 -> 0.19310345
A70: P069 | B70: Twitter | C70: 2025-03-08 | D70: Text | E70: Check out our latest text on twitter! | F70: 1292 | G70: 626 | H70: 496 | I70: 25840 | J70: 24916 | K70: 149 | L70: #LiveForNow | P70: NewYearRefresh | Q70: =(F70+G70+H70)/I70 -> 0.093421053
A71: P070 | B71: Facebook | C71: 2025-04-02 | D71: Video | E71: Check out our latest video on facebook! | F71: 199 | G71: 772 | H71: 400 | I71: 3582 | J71: 2988 | K71: 43 | L71: #PepsiCoRefresh | Q71: =(F71+G71+H71)/I71 -> 0.38274707
A72: P071 | B72: YouTube | C72: 2024-09-02 | D72: Carousel | E72: Check out our latest carousel on youtube! | F72: 2551 | G72: 915 | H72: 205 | I72: 30612 | J72: 30360 | K72: 227 | L72: #PepsiCoRefresh | P72: FestiveRadiance | Q72: =(F72+G72+H72)/I72 -> 0.11992029
A73: P072 | B73: YouTube | C73: 2025-03-03 | D73: Reel | E73: Check out our latest reel on youtube! | F73: 296 | G73: 60 | H73: 141 | I73: 5624 | J73: 5239 | K73: 88 | L73: #ThirstyForMore | P73: FestiveRadiance | Q73: =(F73+G73+H73)/I73 -> 0.088371266
A74: P073 | B74: Facebook | C74: 2024-10-18 | D74: Story | E74: Check out our latest story on facebook! | F74: 4126 | G74: 426 | H74: 486 | I74: 78394 | J74: 77798 | K74: 88 | L74: #LiveForNow | P74: DailyWellness | Q74: =(F74+G74+H74)/I74 -> 0.064265122
A75: P074 | B75: YouTube | C75: 2024-10-28 | D75: Reel | E75: Check out our latest reel on youtube! | F75: 1855 | G75: 200 | H75: 174 | I75: 16695 | J75: 16330 | K75: 123 | L75: #PepsiCoRefresh | P75: NewYearRefresh | Q75: =(F75+G75+H75)/I75 -> 0.13351303
A76: P075 | B76: Instagram | C76: 2024-08-01 | D76: Reel | E76: Check out our latest reel on instagram! | F76: 1674 | G76: 929 | H76: 37 | I76: 21762 | J76: 20998 | K76: 255 | L76: #PepsiCoRefresh | P76: DailyWellness | Q76: =(F76+G76+H76)/I76 -> 0.12131238
A77: P076 | B77: Twitter | C77: 2024-11-07 | D77: Story | E77: Check out our latest story on twitter! | F77: 1121 | G77: 135 | H77: 18 | I77: 15694 | J77: 14957 | K77: 99 | L77: #PepsiCoRefresh | P77: DailyWellness | Q77: =(F77+G77+H77)/I77 -> 0.08117752
A78: P077 | B78: Facebook | C78: 2025-03-04 | D78: Story | E78: Check out our latest story on facebook! | F78: 1249 | G78: 116 | H78: 420 | I78: 8743 | J78: 8538 | K78: 63 | L78: #PepsiCoRefresh | Q78: =(F78+G78+H78)/I78 -> 0.20416333
A79: P078 | B79: Twitter | C79: 2024-06-17 | D79: Image | E79: Check out our latest image on twitter! | F79: 954 | G79: 324 | H79: 288 | I79: 19080 | J79: 18859 | K79: 21 | L79: #LiveForNow | P79: DailyWellness | Q79: =(F79+G79+H79)/I79 -> 0.082075472
A80: P079 | B80: Instagram | C80: 2024-10-09 | D80: Carousel | E80: Check out our latest carousel on instagram! | F80: 3068 | G80: 137 | H80: 329 | I80: 39884 | J80: 39404 | K80: 266 | L80: #ThirstyForMore | P80: FestiveRadiance | Q80: =(F80+G80+H80)/I80 -> 0.08860696
A81: P080 | B81: Instagram | C81: 2024-06-13 | D81: Story | E81: Check out our latest story on instagram! | F81: 2103 | G81: 892 | H81: 103 | I81: 39957 | J81: 39466 | K81: 28 | L81: #LiveForNow | Q81: =(F81+G81+H81)/I81 -> 0.077533348
A82: P081 | B82: Instagram | C82: 2024-10-19 | D82: Story | E82: Check out our latest story on instagram! | F82: 1816 | G82: 29 | H82: 41 | I82: 19976 | J82: 19262 | K82: 283 | L82: #PepsiCoRefresh | P82: NewYearRefresh | Q82: =(F82+G82+H82)/I82 -> 0.094413296
A83: P082 | B83: Instagram | C83: 2024-07-24 | D83: Image | E83: Check out our latest image on instagram! | F83: 725 | G83: 88 | H83: 428 | I83: 14500 | J83: 13637 | K83: 200 | L83: #LiveForNow | M83: #PepsiCoRefresh | N83: #AnytimeIsPepsiTime | P83: NewYearRefresh | Q83: =(F83+G83+H83)/I83 -> 0.085586207
A84: P083 | B84: YouTube | C84: 2024-10-15 | D84: Video | E84: Check out our latest video on youtube! | F84: 1094 | G84: 472 | H84: 21 | I84: 9846 | J84: 9609 | K84: 112 | L84: #ThirstyForMore | Q84: =(F84+G84+H84)/I84 -> 0.16118221
A85: P084 | B85: Facebook | C85: 2024-12-09 | D85: Image | E85: Check out our latest image on facebook! | F85: 1841 | G85: 851 | H85: 342 | I85: 34979 | J85: 34154 | K85: 255 | L85: #LiveForNow | P85: DailyWellness | Q85: =(F85+G85+H85)/I85 -> 0.086737757
A86: P085 | B86: Instagram | C86: 2025-04-19 | D86: Image | E86: Check out our latest image on instagram! | F86: 4177 | G86: 569 | H86: 55 | I86: 25062 | J86: 24847 | K86: 230 | L86: #LiveForNow | P86: SummerSplash | Q86: =(F86+G86+H86)/I86 -> 0.19156492
A87: P086 | B87: YouTube | C87: 2025-01-27 | D87: Text | E87: Check out our latest text on youtube! | F87: 3428 | G87: 305 | H87: 85 | I87: 58276 | J87: 58052 | K87: 242 | L87: #ThirstyForMore | M87: #BetterWithPepsi | P87: DailyWellness | Q87: =(F87+G87+H87)/I87 -> 0.065515821
A88: P087 | B88: Twitter | C88: 2024-06-06 | D88: Video | E88: Check out our latest video on twitter! | F88: 1436 | G88: 765 | H88: 496 | I88: 12924 | J88: 12701 | K88: 197 | L88: #LiveForNow | P88: NewYearRefresh | Q88: =(F88+G88+H88)/I88 -> 0.20868152
A89: P088 | B89: Facebook | C89: 2024-07-07 | D89: Story | E89: Check out our latest story on facebook! | F89: 302 | G89: 47 | H89: 430 | I89: 5738 | J89: 4890 | K89: 25 | L89: #PepsiCoRefresh | P89: DailyWellness | Q89: =(F89+G89+H89)/I89 -> 0.13576159
A90: P089 | B90: Twitter | C90: 2025-01-10 | D90: Image | E90: Check out our latest image on twitter! | F90: 2214 | G90: 249 | H90: 152 | I90: 15498 | J90: 14800 | K90: 180 | L90: #ThirstyForMore | Q90: =(F90+G90+H90)/I90 -> 0.16873145
A91: P090 | B91: Instagram | C91: 2024-06-03 | D91: Image | E91: Check out our latest image on instagram! | F91: 3861 | G91: 960 | H91: 101 | I91: 69498 | J91: 68817 | K91: 297 | L91: #PepsiCoRefresh | P91: DailyWellness | Q91: =(F91+G91+H91)/I91 -> 0.070822182
A92: P091 | B92: Facebook | C92: 2025-03-24 | D92: Image | E92: Check out our latest image on facebook! | F92: 1263 | G92: 397 | H92: 357 | I92: 25260 | J92: 24615 | K92: 137 | L92: #ThirstyForMore | P92: DailyWellness | Q92: =(F92+G92+H92)/I92 -> 0.079849565
A93: P092 | B93: Twitter | C93: 2024-10-21 | D93: Story | E93: Check out our latest story on twitter! | F93: 3801 | G93: 967 | H93: 401 | I93: 38010 | J93: 37625 | K93: 236 | L93: #LiveForNow | P93: NewYearRefresh | Q93: =(F93+G93+H93)/I93 -> 0.13599053
A94: P093 | B94: Instagram | C94: 2024-12-11 | D94: Video | E94: Check out our latest video on instagram! | F94: 1431 | G94: 951 | H94: 26 | I94: 8586 | J94: 8396 | K94: 150 | L94: #ThirstyForMore | P94: NewYearRefresh | Q94: =(F94+G94+H94)/I94 -> 0.28045656
A95: P094 | B95: Instagram | C95: 2024-11-07 | D95: Image | E95: Check out our latest image on instagram! | F95: 2647 | G95: 304 | H95: 170 | I95: 18529 | J95: 17841 | K95: 46 | L95: #LiveForNow | P95: NewYearRefresh | Q95: =(F95+G95+H95)/I95 -> 0.16843866
A96: P095 | B96: Instagram | C96: 2024-11-08 | D96: Text | E96: Check out our latest text on instagram! | F96: 3182 | G96: 559 | H96: 160 | I96: 57276 | J96: 56890 | K96: 163 | L96: #LiveForNow | P96: DailyWellness | Q96: =(F96+G96+H96)/I96 -> 0.068108806
A97: P096 | B97: Twitter | C97: 2024-09-10 | D97: Image | E97: Check out our latest image on twitter! | F97: 1238 | G97: 366 | H97: 444 | I97: 19808 | J97: 19334 | K97: 123 | L97: #LiveForNow | Q97: =(F97+G97+H97)/I97 -> 0.10339257
A98: P097 | B98: Instagram | C98: 2024-08-13 | D98: Image | E98: Check out our latest image on instagram! | F98: 4739 | G98: 527 | H98: 135 | I98: 61607 | J98: 61333 | K98: 36 | L98: #PepsiCoRefresh | M98: #AnytimeIsPepsiTime | P98: FestiveRadiance | Q98: =(F98+G98+H98)/I98 -> 0.087668609
A99: P098 | B99: Twitter | C99: 2024-06-10 | D99: Story | E99: Check out our latest story on twitter! | F99: 1575 | G99: 771 | H99: 486 | I99: 25200 | J99: 24826 | K99: 17 | L99: #LiveForNow | P99: DailyWellness | Q99: =(F99+G99+H99)/I99 -> 0.11238095
A100: P099 | B100: YouTube | C100: 2024-07-02 | D100: Carousel | E100: Check out our latest carousel on youtube! | F100: 4171 | G100: 548 | H100: 86 | I100: 66736 | J100: 66634 | K100: 173 | L100: #LiveForNow | P100: NewYearRefresh | Q100: =(F100+G100+H100)/I100 -> 0.07200012
...

Sheet Performance for Hashtags
A1: Hashtags Used | B1: Average Performance | C1: Performance | D1: AVG likes | E1: Avg_Comments | F1: Count | G1: Sum 1 | H1: Sum 2 | I1: Sum 3 | J1: Comments Sum 1 | K1: Comments Sum 2 | L1: Comments Sum 3
A2: #LiveForNow | B2: =C2/F2 -> 2897.2233 | C2: =D2+E2 -> 298414 | D2: 271376 | E2: 27038 | F2: =COUNTIF('Data Used - 1'!L:L,A2)+COUNTIF('Data Used - 1'!M:M,A2)+COUNTIF('Data Used - 1'!N:N,A2) -> 103 | G2: =SUMIF('Data Used - 1'!L:L,A2,'Data Used - 1'!F:F) -> 271376 | H2: =SUMIF('Data Used - 1'!M:M,A2,'Data Used - 1'!F:F) -> 0 | I2: =SUMIF('Data Used - 1'!N:N,A2,'Data Used - 1'!F:F) -> 0 | J2: =SUMIF('Data Used - 1'!L:L,A2,'Data Used - 1'!H:H) -> 27038 | K2: =SUMIF('Data Used - 1'!M:M,A2,'Data Used - 1'!H:H) -> 0 | L2: =SUMIF('Data Used - 1'!N:N,A2,'Data Used - 1'!H:H) -> 0
A3: #PepsiCoRefresh | B3: =C3/F3 -> 1479.6449 | C3: =D3+E3 -> 158322 | D3: =(G3+H3)/2 -> 144723 | E3: =(J3+K3)/2 -> 13599 | F3: =COUNTIF('Data Used - 1'!L:L,A3)+COUNTIF('Data Used - 1'!M:M,A3)+COUNTIF('Data Used - 1'!N:N,A3) -> 107 | G3: =SUMIF('Data Used - 1'!L:L,A3,'Data Used - 1'!F:F) -> 276190 | H3: =SUMIF('Data Used - 1'!M:M,A3,'Data Used - 1'!F:F) -> 13256 | I3: =SUMIF('Data Used - 1'!N:N,A3,'Data Used - 1'!F:F) -> 0 | J3: =SUMIF('Data Used - 1'!L:L,A3,'Data Used - 1'!H:H) -> 25043 | K3: =SUMIF('Data Used - 1'!M:M,A3,'Data Used - 1'!H:H) -> 2155 | L3: =SUMIF('Data Used - 1'!N:N,A3,'Data Used - 1'!H:H) -> 0
A4: #ThirstyForMore | B4: =C4/F4 -> 1023.2516 | C4: =D4+E4 -> 104371.67 | D4: =(G4+H4+I4)/3 -> 96519.333 | E4: =(J4+K4+L4)/3 -> 7852.3333 | F4: =COUNTIF('Data Used - 1'!L:L,A4)+COUNTIF('Data Used - 1'!M:M,A4)+COUNTIF('Data Used - 1'!N:N,A4) -> 102 | G4: =SUMIF('Data Used - 1'!L:L,A4,'Data Used - 1'!F:F) -> 272425 | H4: =SUMIF('Data Used - 1'!M:M,A4,'Data Used - 1'!F:F) -> 15876 | I4: =SUMIF('Data Used - 1'!N:N,A4,'Data Used - 1'!F:F) -> 1257 | J4: =SUMIF('Data Used - 1'!L:L,A4,'Data Used - 1'!H:H) -> 22770 | K4: =SUMIF('Data Used - 1'!M:M,A4,'Data Used - 1'!H:H) -> 436 | L4: =SUMIF('Data Used - 1'!N:N,A4,'Data Used - 1'!H:H) -> 351
A5: #AnytimeIsPepsiTime | B5: =C5/F5 -> 1238.5 | C5: =D5+E5 -> 18577.5 | D5: =(H5+I5)/2 -> 16647 | E5: =(K5+L5)/2 -> 1930.5 | F5: =COUNTIF('Data Used - 1'!L:L,A5)+COUNTIF('Data Used - 1'!M:M,A5)+COUNTIF('Data Used - 1'!N:N,A5) -> 15 | G5: =SUMIF('Data Used - 1'!L:L,A5,'Data Used - 1'!F:F) -> 0 | H5: =SUMIF('Data Used - 1'!M:M,A5,'Data Used - 1'!F:F) -> 23595 | I5: =SUMIF('Data Used - 1'!N:N,A5,'Data Used - 1'!F:F) -> 9699 | J5: =SUMIF('Data Used - 1'!L:L,A5,'Data Used - 1'!H:H) -> 0 | K5: =SUMIF('Data Used - 1'!M:M,A5,'Data Used - 1'!H:H) -> 2130 | L5: =SUMIF('Data Used - 1'!N:N,A5,'Data Used - 1'!H:H) -> 1731
A6: #SmoothLikeNitroPepsi | B6: =C6/F6 -> 3411.2 | C6: =D6+E6 -> 17056 | D6: 15639 | E6: 1417 | F6: =COUNTIF('Data Used - 1'!L:L,A6)+COUNTIF('Data Used - 1'!M:M,A6)+COUNTIF('Data Used - 1'!N:N,A6) -> 5 | G6: =SUMIF('Data Used - 1'!L:L,A6,'Data Used - 1'!F:F) -> 0 | H6: =SUMIF('Data Used - 1'!M:M,A6,'Data Used - 1'!F:F) -> 15639 | I6: =SUMIF('Data Used - 1'!N:N,A6,'Data Used - 1'!F:F) -> 0 | J6: =SUMIF('Data Used - 1'!L:L,A6,'Data Used - 1'!H:H) -> 0 | K6: =SUMIF('Data Used - 1'!M:M,A6,'Data Used - 1'!H:H) -> 1417 | L6: =SUMIF('Data Used - 1'!N:N,A6,'Data Used - 1'!H:H) -> 0
A7: #BetterWithPepsi | B7: =C7/F7 -> 1801.3571 | C7: =D7+E7 -> 12609.5 | D7: =(H7+I7)/2 -> 12081 | E7: =(K7+L7)/2 -> 528.5 | F7: =COUNTIF('Data Used - 1'!L:L,A7)+COUNTIF('Data Used - 1'!M:M,A7)+COUNTIF('Data Used - 1'!N:N,A7) -> 7 | G7: =SUMIF('Data Used - 1'!L:L,A7,'Data Used - 1'!F:F) -> 0 | H7: =SUMIF('Data Used - 1'!M:M,A7,'Data Used - 1'!F:F) -> 8286 | I7: =SUMIF('Data Used - 1'!N:N,A7,'Data Used - 1'!F:F) -> 15876 | J7: =SUMIF('Data Used - 1'!L:L,A7,'Data Used - 1'!H:H) -> 0 | K7: =SUMIF('Data Used - 1'!M:M,A7,'Data Used - 1'!H:H) -> 621 | L7: =SUMIF('Data Used - 1'!N:N,A7,'Data Used - 1'!H:H) -> 436

Sheet Comparision Performance Content
A3: Average of Performance | B3: Content Type
A4: Platform | B4: Carousel | C4: Image | D4: Video | E4: Grand Total
A5: Facebook | B5: 0.12725513 | C5: 0.16666321 | D5: 0.15233235 | E5: 0.15266613
A6: Instagram | B6: 0.15327942 | C6: 0.13514319 | D6: 0.12301972 | E6: 0.13647501
A7: Twitter | B7: 1.115148 | C7: 0.19384066 | D7: 0.2529811 | E7: 0.62719534
A8: YouTube | B8: 0.22199844 | C8: 0.10407777 | D8: 0.14709031 | E8: 0.16215502
A9: Grand Total | B9: 0.51946121 | C9: 0.15755126 | D9: 0.16139418 | E9: 0.28796297

Sheet Conetnt Performance
A1: Post ID | B1: Platform | C1: Content Type | D1: Engagement Rate | E1: Click Rate | F1: Performance
A2: P062 | B2: Twitter | C2: Carousel | D2: =('Data Used - 1'!F63+'Data Used - 1'!G63+'Data Used - 1'!H63)/'Data Used - 1'!I63 -> 0.53773585 | E2: ='Data Used - 1'!K63/'Data Used - 1'!J63 -> 21.142857 | F2: =D2+E2 -> 21.680593
A3: P220 | B3: Twitter | C3: Story | D3: =('Data Used - 1'!F221+'Data Used - 1'!G221+'Data Used - 1'!H221)/'Data Used - 1'!I221 -> 1.8129252 | E3: ='Data Used - 1'!K221/'Data Used - 1'!J221 -> 1.5 | F3: =D3+E3 -> 3.3129252
A4: P058 | B4: Instagram | C4: Reel | D4: =('Data Used - 1'!F59+'Data Used - 1'!G59+'Data Used - 1'!H59)/'Data Used - 1'!I59 -> 0.86601942 | E4: ='Data Used - 1'!K59/'Data Used - 1'!J59 -> 0.63902439 | F4: =D4+E4 -> 1.5050438
A5: P264 | B5: Twitter | C5: Image | D5: =('Data Used - 1'!F265+'Data Used - 1'!G265+'Data Used - 1'!H265)/'Data Used - 1'!I265 -> 0.53389831 | E5: ='Data Used - 1'!K265/'Data Used - 1'!J265 -> 0.61684211 | F5: =D5+E5 -> 1.1507404
A6: P178 | B6: Twitter | C6: Video | D6: =('Data Used - 1'!F179+'Data Used - 1'!G179+'Data Used - 1'!H179)/'Data Used - 1'!I179 -> 0.70387597 | E6: ='Data Used - 1'!K179/'Data Used - 1'!J179 -> 0.28367104 | F6: =D6+E6 -> 0.98754701
A7: P232 | B7: Facebook | C7: Story | D7: =('Data Used - 1'!F233+'Data Used - 1'!G233+'Data Used - 1'!H233)/'Data Used - 1'!I233 -> 0.71686747 | E7: ='Data Used - 1'!K233/'Data Used - 1'!J233 -> 0.19252874 | F7: =D7+E7 -> 0.90939621
A8: P143 | B8: YouTube | C8: Carousel | D8: =('Data Used - 1'!F144+'Data Used - 1'!G144+'Data Used - 1'!H144)/'Data Used - 1'!I144 -> 0.50192308 | E8: ='Data Used - 1'!K144/'Data Used - 1'!J144 -> 0.33524355 | F8: =D8+E8 -> 0.83716663
A9: P175 | B9: Instagram | C9: Reel | D9: =('Data Used - 1'!F176+'Data Used - 1'!G176+'Data Used - 1'!H176)/'Data Used - 1'!I176 -> 0.6508216 | E9: ='Data Used - 1'!K176/'Data Used - 1'!J176 -> 0.15477387 | F9: =D9+E9 -> 0.80559547
A10: P210 | B10: Twitter | C10: Image | D10: =('Data Used - 1'!F211+'Data Used - 1'!G211+'Data Used - 1'!H211)/'Data Used - 1'!I211 -> 0.48518408 | E10: ='Data Used - 1'!K211/'Data Used - 1'!J211 -> 0.10424991 | F10: =D10+E10 -> 0.58943399
A11: P214 | B11: Facebook | C11: Image | D11: =('Data Used - 1'!F215+'Data Used - 1'!G215+'Data Used - 1'!H215)/'Data Used - 1'!I215 -> 0.37955854 | E11: ='Data Used - 1'!K215/'Data Used - 1'!J215 -> 0.082965578 | F11: =D11+E11 -> 0.46252412
A12: P102 | B12: Twitter | C12: Reel | D12: =('Data Used - 1'!F103+'Data Used - 1'!G103+'Data Used - 1'!H103)/'Data Used - 1'!I103 -> 0.35666667 | E12: ='Data Used - 1'!K103/'Data Used - 1'!J103 -> 0.042712124 | F12: =D12+E12 -> 0.39937879
A13: P070 | B13: Twitter | C13: Video | D13: =('Data Used - 1'!F71+'Data Used - 1'!G71+'Data Used - 1'!H71)/'Data Used - 1'!I71 -> 0.38274707 | E13: ='Data Used - 1'!K71/'Data Used - 1'!J71 -> 0.014390897 | F13: =D13+E13 -> 0.39713797
A14: P031 | B14: Twitter | C14: Text | D14: =('Data Used - 1'!F32+'Data Used - 1'!G32+'Data Used - 1'!H32)/'Data Used - 1'!I32 -> 0.28245271 | E14: ='Data Used - 1'!K32/'Data Used - 1'!J32 -> 0.10440578 | F14: =D14+E14 -> 0.38685848
A15: P053 | B15: Twitter | C15: Carousel | D15: =('Data Used - 1'!F54+'Data Used - 1'!G54+'Data Used - 1'!H54)/'Data Used - 1'!I54 -> 0.36965174 | E15: ='Data Used - 1'!K54/'Data Used - 1'!J54 -> 0.0034987277 | F15: =D15+E15 -> 0.37315047
A16: P066 | B16: Facebook | C16: Carousel | D16: =('Data Used - 1'!F67+'Data Used - 1'!G67+'Data Used - 1'!H67)/'Data Used - 1'!I67 -> 0.29199735 | E16: ='Data Used - 1'!K67/'Data Used - 1'!J67 -> 0.080525164 | F16: =D16+E16 -> 0.37252252
A17: P224 | B17: Facebook | C17: Image | D17: =('Data Used - 1'!F225+'Data Used - 1'!G225+'Data Used - 1'!H225)/'Data Used - 1'!I225 -> 0.32083531 | E17: ='Data Used - 1'!K225/'Data Used - 1'!J225 -> 0.048765983 | F17: =D17+E17 -> 0.36960129
A18: P121 | B18: Facebook | C18: Story | D18: =('Data Used - 1'!F122+'Data Used - 1'!G122+'Data Used - 1'!H122)/'Data Used - 1'!I122 -> 0.32349398 | E18: ='Data Used - 1'!K122/'Data Used - 1'!J122 -> 0.044205496 | F18: =D18+E18 -> 0.36769947
A19: P124 | B19: YouTube | C19: Carousel | D19: =('Data Used - 1'!F125+'Data Used - 1'!G125+'Data Used - 1'!H125)/'Data Used - 1'!I125 -> 0.33618012 | E19: ='Data Used - 1'!K125/'Data Used - 1'!J125 -> 0.0040373991 | F19: =D19+E19 -> 0.34021752
A20: P183 | B20: Twitter | C20: Story | D20: =('Data Used - 1'!F184+'Data Used - 1'!G184+'Data Used - 1'!H184)/'Data Used - 1'!I184 -> 0.28696581 | E20: ='Data Used - 1'!K184/'Data Used - 1'!J184 -> 0.048125868 | F20: =D20+E20 -> 0.33509168
A21: P119 | B21: Facebook | C21: Reel | D21: =('Data Used - 1'!F120+'Data Used - 1'!G120+'Data Used - 1'!H120)/'Data Used - 1'!I120 -> 0.31705584 | E21: ='Data Used - 1'!K120/'Data Used - 1'!J120 -> 0.013110713 | F21: =D21+E21 -> 0.33016655
A22: P154 | B22: Twitter | C22: Carousel | D22: =('Data Used - 1'!F155+'Data Used - 1'!G155+'Data Used - 1'!H155)/'Data Used - 1'!I155 -> 0.31965192 | E22: ='Data Used - 1'!K155/'Data Used - 1'!J155 -> 0.009471659 | F22: =D22+E22 -> 0.32912358
A23: P204 | B23: YouTube | C23: Carousel | D23: =('Data Used - 1'!F205+'Data Used - 1'!G205+'Data Used - 1'!H205)/'Data Used - 1'!I205 -> 0.29713518 | E23: ='Data Used - 1'!K205/'Data Used - 1'!J205 -> 0.018734033 | F23: =D23+E23 -> 0.31586922
A24: P248 | B24: Twitter | C24: Story | D24: =('Data Used - 1'!F249+'Data Used - 1'!G249+'Data Used - 1'!H249)/'Data Used - 1'!I249 -> 0.26297968 | E24: ='Data Used - 1'!K249/'Data Used - 1'!J249 -> 0.052514243 | F24: =D24+E24 -> 0.31549393
A25: P287 | B25: Facebook | C25: Reel | D25: =('Data Used - 1'!F288+'Data Used - 1'!G288+'Data Used - 1'!H288)/'Data Used - 1'!I288 -> 0.30126002 | E25: ='Data Used - 1'!K288/'Data Used - 1'!J288 -> 0.012356841 | F25: =D25+E25 -> 0.31361686
A26: P219 | B26: Twitter | C26: Reel | D26: =('Data Used - 1'!F220+'Data Used - 1'!G220+'Data Used - 1'!H220)/'Data Used - 1'!I220 -> 0.25701459 | E26: ='Data Used - 1'!K220/'Data Used - 1'!J220 -> 0.043938161 | F26: =D26+E26 -> 0.30095275
A27: P093 | B27: Instagram | C27: Video | D27: =('Data Used - 1'!F94+'Data Used - 1'!G94+'Data Used - 1'!H94)/'Data Used - 1'!I94 -> 0.28045656 | E27: ='Data Used - 1'!K94/'Data Used - 1'!J94 -> 0.01786565 | F27: =D27+E27 -> 0.29832221
A28: P259 | B28: Instagram | C28: Text | D28: =('Data Used - 1'!F260+'Data Used - 1'!G260+'Data Used - 1'!H260)/'Data Used - 1'!I260 -> 0.25771056 | E28: ='Data Used - 1'!K260/'Data Used - 1'!J260 -> 0.031632653 | F28: =D28+E28 -> 0.28934321
A29: P263 | B29: Facebook | C29: Reel | D29: =('Data Used - 1'!F264+'Data Used - 1'!G264+'Data Used - 1'!H264)/'Data Used - 1'!I264 -> 0.26876681 | E29: ='Data Used - 1'!K264/'Data Used - 1'!J264 -> 0.0016488046 | F29: =D29+E29 -> 0.27041561
A30: P226 | B30: Twitter | C30: Carousel | D30: =('Data Used - 1'!F227+'Data Used - 1'!G227+'Data Used - 1'!H227)/'Data Used - 1'!I227 -> 0.25537048 | E30: ='Data Used - 1'!K227/'Data Used - 1'!J227 -> 0.01462766 | F30: =D30+E30 -> 0.26999814
A31: P181 | B31: Facebook | C31: Image | D31: =('Data Used - 1'!F182+'Data Used - 1'!G182+'Data Used - 1'!H182)/'Data Used - 1'!I182 -> 0.23673521 | E31: ='Data Used - 1'!K182/'Data Used - 1'!J182 -> 0.032345378 | F31: =D31+E31 -> 0.26908059
A32: P246 | B32: Facebook | C32: Image | D32: =('Data Used - 1'!F247+'Data Used - 1'!G247+'Data Used - 1'!H247)/'Data Used - 1'!I247 -> 0.2365625 | E32: ='Data Used - 1'!K247/'Data Used - 1'!J247 -> 0.029239766 | F32: =D32+E32 -> 0.26580227
A33: P244 | B33: Facebook | C33: Video | D33: =('Data Used - 1'!F245+'Data Used - 1'!G245+'Data Used - 1'!H245)/'Data Used - 1'!I245 -> 0.25869985 | E33: ='Data Used - 1'!K245/'Data Used - 1'!J245 -> 0.0027897091 | F33: =D33+E33 -> 0.26148956
A34: P277 | B34: Facebook | C34: Image | D34: =('Data Used - 1'!F278+'Data Used - 1'!G278+'Data Used - 1'!H278)/'Data Used - 1'!I278 -> 0.24763928 | E34: ='Data Used - 1'!K278/'Data Used - 1'!J278 -> 0.011600702 | F34: =D34+E34 -> 0.25923998
A35: P265 | B35: Instagram | C35: Carousel | D35: =('Data Used - 1'!F266+'Data Used - 1'!G266+'Data Used - 1'!H266)/'Data Used - 1'!I266 -> 0.25279702 | E35: ='Data Used - 1'!K266/'Data Used - 1'!J266 -> 0.0037384882 | F35: =D35+E35 -> 0.2565355
A36: P239 | B36: Facebook | C36: Text | D36: =('Data Used - 1'!F240+'Data Used - 1'!G240+'Data Used - 1'!H240)/'Data Used - 1'!I240 -> 0.25062082 | E36: ='Data Used - 1'!K240/'Data Used - 1'!J240 -> 0.0049826584 | F36: =D36+E36 -> 0.25560348
A37: P297 | B37: YouTube | C37: Text | D37: =('Data Used - 1'!F298+'Data Used - 1'!G298+'Data Used - 1'!H298)/'Data Used - 1'!I298 -> 0.2434903 | E37: ='Data Used - 1'!K298/'Data Used - 1'!J298 -> 0.0023426061 | F37: =D37+E37 -> 0.24583291
A38: P120 | B38: Instagram | C38: Story | D38: =('Data Used - 1'!F121+'Data Used - 1'!G121+'Data Used - 1'!H121)/'Data Used - 1'!I121 -> 0.23414918 | E38: ='Data Used - 1'!K121/'Data Used - 1'!J121 -> 0.011260983 | F38: =D38+E38 -> 0.24541017
A39: P141 | B39: Instagram | C39: Image | D39: =('Data Used - 1'!F142+'Data Used - 1'!G142+'Data Used - 1'!H142)/'Data Used - 1'!I142 -> 0.23165089 | E39: ='Data Used - 1'!K142/'Data Used - 1'!J142 -> 0.012931731 | F39: =D39+E39 -> 0.24458263
A40: P123 | B40: Facebook | C40: Story | D40: =('Data Used - 1'!F124+'Data Used - 1'!G124+'Data Used - 1'!H124)/'Data Used - 1'!I124 -> 0.23616777 | E40: ='Data Used - 1'!K124/'Data Used - 1'!J124 -> 0.0073087845 | F40: =D40+E40 -> 0.24347656
A41: P042 | B41: YouTube | C41: Reel | D41: =('Data Used - 1'!F43+'Data Used - 1'!G43+'Data Used - 1'!H43)/'Data Used - 1'!I43 -> 0.2184057 | E41: ='Data Used - 1'!K43/'Data Used - 1'!J43 -> 0.020963814 | F41: =D41+E41 -> 0.23936952
A42: P163 | B42: Instagram | C42: Image | D42: =('Data Used - 1'!F164+'Data Used - 1'!G164+'Data Used - 1'!H164)/'Data Used - 1'!I164 -> 0.23101533 | E42: ='Data Used - 1'!K164/'Data Used - 1'!J164 -> 0.0060450632 | F42: =D42+E42 -> 0.23706039
A43: P029 | B43: Twitter | C43: Carousel | D43: =('Data Used - 1'!F30+'Data Used - 1'!G30+'Data Used - 1'!H30)/'Data Used - 1'!I30 -> 0.21208106 | E43: ='Data Used - 1'!K30/'Data Used - 1'!J30 -> 0.018020222 | F43: =D43+E43 -> 0.23010128
A44: P043 | B44: Instagram | C44: Carousel | D44: =('Data Used - 1'!F44+'Data Used - 1'!G44+'Data Used - 1'!H44)/'Data Used - 1'!I44 -> 0.21826127 | E44: ='Data Used - 1'!K44/'Data Used - 1'!J44 -> 0.011223988 | F44: =D44+E44 -> 0.22948526
A45: P137 | B45: Facebook | C45: Video | D45: =('Data Used - 1'!F138+'Data Used - 1'!G138+'Data Used - 1'!H138)/'Data Used - 1'!I138 -> 0.20871011 | E45: ='Data Used - 1'!K138/'Data Used - 1'!J138 -> 0.018922058 | F45: =D45+E45 -> 0.22763216
A46: P146 | B46: Instagram | C46: Reel | D46: =('Data Used - 1'!F147+'Data Used - 1'!G147+'Data Used - 1'!H147)/'Data Used - 1'!I147 -> 0.21636759 | E46: ='Data Used - 1'!K147/'Data Used - 1'!J147 -> 0.011188811 | F46: =D46+E46 -> 0.2275564
A47: P087 | B47: Facebook | C47: Video | D47: =('Data Used - 1'!F88+'Data Used - 1'!G88+'Data Used - 1'!H88)/'Data Used - 1'!I88 -> 0.20868152 | E47: ='Data Used - 1'!K88/'Data Used - 1'!J88 -> 0.01551059 | F47: =D47+E47 -> 0.22419211
A48: P138 | B48: Instagram | C48: Image | D48: =('Data Used - 1'!F139+'Data Used - 1'!G139+'Data Used - 1'!H139)/'Data Used - 1'!I139 -> 0.16065574 | E48: ='Data Used - 1'!K139/'Data Used - 1'!J139 -> 0.063174946 | F48: =D48+E48 -> 0.22383068
A49: P269 | B49: YouTube | C49: Video | D49: =('Data Used - 1'!F270+'Data Used - 1'!G270+'Data Used - 1'!H270)/'Data Used - 1'!I270 -> 0.22157422 | E49: ='Data Used - 1'!K270/'Data Used - 1'!J270 -> 0.0020557332 | F49: =D49+E49 -> 0.22362995
A50: P159 | B50: Twitter | C50: Story | D50: =('Data Used - 1'!F160+'Data Used - 1'!G160+'Data Used - 1'!H160)/'Data Used - 1'!I160 -> 0.21745283 | E50: ='Data Used - 1'!K160/'Data Used - 1'!J160 -> 0.0014067025 | F50: =D50+E50 -> 0.21885953
A51: P276 | B51: Instagram | C51: Carousel | D51: =('Data Used - 1'!F277+'Data Used - 1'!G277+'Data Used - 1'!H277)/'Data Used - 1'!I277 -> 0.20158526 | E51: ='Data Used - 1'!K277/'Data Used - 1'!J277 -> 0.01543662 | F51: =D51+E51 -> 0.21702188
A52: P198 | B52: YouTube | C52: Image | D52: =('Data Used - 1'!F199+'Data Used - 1'!G199+'Data Used - 1'!H199)/'Data Used - 1'!I199 -> 0.19847328 | E52: ='Data Used - 1'!K199/'Data Used - 1'!J199 -> 0.017788786 | F52: =D52+E52 -> 0.21626207
A53: P271 | B53: YouTube | C53: Video | D53: =('Data Used - 1'!F272+'Data Used - 1'!G272+'Data Used - 1'!H272)/'Data Used - 1'!I272 -> 0.20675991 | E53: ='Data Used - 1'!K272/'Data Used - 1'!J272 -> 0.0093817657 | F53: =D53+E53 -> 0.21614167
A54: P032 | B54: YouTube | C54: Carousel | D54: =('Data Used - 1'!F33+'Data Used - 1'!G33+'Data Used - 1'!H33)/'Data Used - 1'!I33 -> 0.19088382 | E54: ='Data Used - 1'!K33/'Data Used - 1'!J33 -> 0.021694541 | F54: =D54+E54 -> 0.21257836
A55: P041 | B55: Instagram | C55: Reel | D55: =('Data Used - 1'!F42+'Data Used - 1'!G42+'Data Used - 1'!H42)/'Data Used - 1'!I42 -> 0.18433236 | E55: ='Data Used - 1'!K42/'Data Used - 1'!J42 -> 0.027789074 | F55: =D55+E55 -> 0.21212143
A56: P153 | B56: YouTube | C56: Video | D56: =('Data Used - 1'!F154+'Data Used - 1'!G154+'Data Used - 1'!H154)/'Data Used - 1'!I154 -> 0.17801356 | E56: ='Data Used - 1'!K154/'Data Used - 1'!J154 -> 0.034078122 | F56: =D56+E56 -> 0.21209168
A57: P077 | B57: Facebook | C57: Story | D57: =('Data Used - 1'!F78+'Data Used - 1'!G78+'Data Used - 1'!H78)/'Data Used - 1'!I78 -> 0.20416333 | E57: ='Data Used - 1'!K78/'Data Used - 1'!J78 -> 0.0073787772 | F57: =D57+E57 -> 0.21154211
A58: P258 | B58: Twitter | C58: Story | D58: =('Data Used - 1'!F259+'Data Used - 1'!G259+'Data Used - 1'!H259)/'Data Used - 1'!I259 -> 0.20230492 | E58: ='Data Used - 1'!K259/'Data Used - 1'!J259 -> 0.008017153 | F58: =D58+E58 -> 0.21032207
A59: P136 | B59: Instagram | C59: Text | D59: =('Data Used - 1'!F137+'Data Used - 1'!G137+'Data Used - 1'!H137)/'Data Used - 1'!I137 -> 0.20357371 | E59: ='Data Used - 1'!K137/'Data Used - 1'!J137 -> 0.0060927028 | F59: =D59+E59 -> 0.20966641
A60: P218 | B60: Instagram | C60: Carousel | D60: =('Data Used - 1'!F219+'Data Used - 1'!G219+'Data Used - 1'!H219)/'Data Used - 1'!I219 -> 0.18806849 | E60: ='Data Used - 1'!K219/'Data Used - 1'!J219 -> 0.019218674 | F60: =D60+E60 -> 0.20728716
A61: P286 | B61: Twitter | C61: Video | D61: =('Data Used - 1'!F287+'Data Used - 1'!G287+'Data Used - 1'!H287)/'Data Used - 1'!I287 -> 0.19484607 | E61: ='Data Used - 1'!K287/'Data Used - 1'!J287 -> 0.011726585 | F61: =D61+E61 -> 0.20657266
A62: P148 | B62: Instagram | C62: Video | D62: =('Data Used - 1'!F149+'Data Used - 1'!G149+'Data Used - 1'!H149)/'Data Used - 1'!I149 -> 0.19864505 | E62: ='Data Used - 1'!K149/'Data Used - 1'!J149 -> 0.0071486596 | F62: =D62+E62 -> 0.20579371
A63: P085 | B63: Facebook | C63: Image | D63: =('Data Used - 1'!F86+'Data Used - 1'!G86+'Data Used - 1'!H86)/'Data Used - 1'!I86 -> 0.19156492 | E63: ='Data Used - 1'!K86/'Data Used - 1'!J86 -> 0.0092566507 | F63: =D63+E63 -> 0.20082157
A64: P068 | B64: Facebook | C64: Story | D64: =('Data Used - 1'!F69+'Data Used - 1'!G69+'Data Used - 1'!H69)/'Data Used - 1'!I69 -> 0.19310345 | E64: ='Data Used - 1'!K69/'Data Used - 1'!J69 -> 0.0048200726 | F64: =D64+E64 -> 0.19792352
A65: P152 | B65: Facebook | C65: Image | D65: =('Data Used - 1'!F153+'Data Used - 1'!G153+'Data Used - 1'!H153)/'Data Used - 1'!I153 -> 0.19511518 | E65: ='Data Used - 1'!K153/'Data Used - 1'!J153 -> 0.0016566796 | F65: =D65+E65 -> 0.19677186
A66: P242 | B66: YouTube | C66: Reel | D66: =('Data Used - 1'!F243+'Data Used - 1'!G243+'Data Used - 1'!H243)/'Data Used - 1'!I243 -> 0.18519684 | E66: ='Data Used - 1'!K243/'Data Used - 1'!J243 -> 0.0074882328 | F66: =D66+E66 -> 0.19268507
A67: P112 | B67: Instagram | C67: Story | D67: =('Data Used - 1'!F113+'Data Used - 1'!G113+'Data Used - 1'!H113)/'Data Used - 1'!I113 -> 0.17441662 | E67: ='Data Used - 1'!K113/'Data Used - 1'!J113 -> 0.017610436 | F67: =D67+E67 -> 0.19202706
A68: P006 | B68: Twitter | C68: Carousel | D68: =('Data Used - 1'!F7+'Data Used - 1'!G7+'Data Used - 1'!H7)/'Data Used - 1'!I7 -> 0.1795416 | E68: ='Data Used - 1'!K7/'Data Used - 1'!J7 -> 0.010998926 | F68: =D68+E68 -> 0.19054052
A69: P211 | B69: YouTube | C69: Carousel | D69: =('Data Used - 1'!F212+'Data Used - 1'!G212+'Data Used - 1'!H212)/'Data Used - 1'!I212 -> 0.18632075 | E69: ='Data Used - 1'!K212/'Data Used - 1'!J212 -> 0.0016714422 | F69: =D69+E69 -> 0.1879922
A70: P294 | B70: Instagram | C70: Carousel | D70: =('Data Used - 1'!F295+'Data Used - 1'!G295+'Data Used - 1'!H295)/'Data Used - 1'!I295 -> 0.18248432 | E70: ='Data Used - 1'!K295/'Data Used - 1'!J295 -> 0.003157708 | F70: =D70+E70 -> 0.18564203
A71: P129 | B71: Facebook | C71: Text | D71: =('Data Used - 1'!F130+'Data Used - 1'!G130+'Data Used - 1'!H130)/'Data Used - 1'!I130 -> 0.1729157 | E71: ='Data Used - 1'!K130/'Data Used - 1'!J130 -> 0.010313656 | F71: =D71+E71 -> 0.18322935
A72: P028 | B72: Facebook | C72: Video | D72: =('Data Used - 1'!F29+'Data Used - 1'!G29+'Data Used - 1'!H29)/'Data Used - 1'!I29 -> 0.17057292 | E72: ='Data Used - 1'!K29/'Data Used - 1'!J29 -> 0.012621825 | F72: =D72+E72 -> 0.18319474
A73: P241 | B73: YouTube | C73: Story | D73: =('Data Used - 1'!F242+'Data Used - 1'!G242+'Data Used - 1'!H242)/'Data Used - 1'!I242 -> 0.17743908 | E73: ='Data Used - 1'!K242/'Data Used - 1'!J242 -> 0.0041703699 | F73: =D73+E73 -> 0.18160945
A74: P089 | B74: Twitter | C74: Image | D74: =('Data Used - 1'!F90+'Data Used - 1'!G90+'Data Used - 1'!H90)/'Data Used - 1'!I90 -> 0.16873145 | E74: ='Data Used - 1'!K90/'Data Used - 1'!J90 -> 0.012162162 | F74: =D74+E74 -> 0.18089361
A75: P295 | B75: Twitter | C75: Image | D75: =('Data Used - 1'!F296+'Data Used - 1'!G296+'Data Used - 1'!H296)/'Data Used - 1'!I296 -> 0.16540727 | E75: ='Data Used - 1'!K296/'Data Used - 1'!J296 -> 0.015256768 | F75: =D75+E75 -> 0.18066404
A76: P046 | B76: Instagram | C76: Video | D76: =('Data Used - 1'!F47+'Data Used - 1'!G47+'Data Used - 1'!H47)/'Data Used - 1'!I47 -> 0.16888538 | E76: ='Data Used - 1'!K47/'Data Used - 1'!J47 -> 0.011136625 | F76: =D76+E76 -> 0.180022
A77: P037 | B77: Instagram | C77: Carousel | D77: =('Data Used - 1'!F38+'Data Used - 1'!G38+'Data Used - 1'!H38)/'Data Used - 1'!I38 -> 0.17770337 | E77: ='Data Used - 1'!K38/'Data Used - 1'!J38 -> 0.0015307424 | F77: =D77+E77 -> 0.17923412
A78: P262 | B78: YouTube | C78: Image | D78: =('Data Used - 1'!F263+'Data Used - 1'!G263+'Data Used - 1'!H263)/'Data Used - 1'!I263 -> 0.15339967 | E78: ='Data Used - 1'!K263/'Data Used - 1'!J263 -> 0.025167251 | F78: =D78+E78 -> 0.17856692
A79: P109 | B79: Facebook | C79: Story | D79: =('Data Used - 1'!F110+'Data Used - 1'!G110+'Data Used - 1'!H110)/'Data Used - 1'!I110 -> 0.16744314 | E79: ='Data Used - 1'!K110/'Data Used - 1'!J110 -> 0.0066899011 | F79: =D79+E79 -> 0.17413304
A80: P047 | B80: Facebook | C80: Carousel | D80: =('Data Used - 1'!F48+'Data Used - 1'!G48+'Data Used - 1'!H48)/'Data Used - 1'!I48 -> 0.16683617 | E80: ='Data Used - 1'!K48/'Data Used - 1'!J48 -> 0.0061081185 | F80: =D80+E80 -> 0.17294429
A81: P116 | B81: Instagram | C81: Reel | D81: =('Data Used - 1'!F117+'Data Used - 1'!G117+'Data Used - 1'!H117)/'Data Used - 1'!I117 -> 0.16769516 | E81: ='Data Used - 1'!K117/'Data Used - 1'!J117 -> 0.0052230772 | F81: =D81+E81 -> 0.17291823
A82: P083 | B82: YouTube | C82: Video | D82: =('Data Used - 1'!F84+'Data Used - 1'!G84+'Data Used - 1'!H84)/'Data Used - 1'!I84 -> 0.16118221 | E82: ='Data Used - 1'!K84/'Data Used - 1'!J84 -> 0.011655739 | F82: =D82+E82 -> 0.17283795
A83: P060 | B83: Twitter | C83: Video | D83: =('Data Used - 1'!F61+'Data Used - 1'!G61+'Data Used - 1'!H61)/'Data Used - 1'!I61 -> 0.16507828 | E83: ='Data Used - 1'!K61/'Data Used - 1'!J61 -> 0.007253886 | F83: =D83+E83 -> 0.17233217
A84: P094 | B84: Facebook | C84: Image | D84: =('Data Used - 1'!F95+'Data Used - 1'!G95+'Data Used - 1'!H95)/'Data Used - 1'!I95 -> 0.16843866 | E84: ='Data Used - 1'!K95/'Data Used - 1'!J95 -> 0.0025783308 | F84: =D84+E84 -> 0.17101699
A85: P275 | B85: Twitter | C85: Reel | D85: =('Data Used - 1'!F276+'Data Used - 1'!G276+'Data Used - 1'!H276)/'Data Used - 1'!I276 -> 0.16754739 | E85: ='Data Used - 1'!K276/'Data Used - 1'!J276 -> 0.0034433626 | F85: =D85+E85 -> 0.17099075
A86: P054 | B86: Instagram | C86: Carousel | D86: =('Data Used - 1'!F55+'Data Used - 1'!G55+'Data Used - 1'!H55)/'Data Used - 1'!I55 -> 0.16510299 | E86: ='Data Used - 1'!K55/'Data Used - 1'!J55 -> 0.0028617027 | F86: =D86+E86 -> 0.16796469
A87: P165 | B87: Instagram | C87: Text | D87: =('Data Used - 1'!F166+'Data Used - 1'!G166+'Data Used - 1'!H166)/'Data Used - 1'!I166 -> 0.1540599 | E87: ='Data Used - 1'!K166/'Data Used - 1'!J166 -> 0.010373912 | F87: =D87+E87 -> 0.16443381
A88: P192 | B88: Instagram | C88: Video | D88: =('Data Used - 1'!F193+'Data Used - 1'!G193+'Data Used - 1'!H193)/'Data Used - 1'!I193 -> 0.14413265 | E88: ='Data Used - 1'!K193/'Data Used - 1'!J193 -> 0.020017663 | F88: =D88+E88 -> 0.16415032
A89: P227 | B89: Facebook | C89: Text | D89: =('Data Used - 1'!F228+'Data Used - 1'!G228+'Data Used - 1'!H228)/'Data Used - 1'!I228 -> 0.11232349 | E89: ='Data Used - 1'!K228/'Data Used - 1'!J228 -> 0.049430524 | F89: =D89+E89 -> 0.16175402
A90: P252 | B90: Facebook | C90: Carousel | D90: =('Data Used - 1'!F253+'Data Used - 1'!G253+'Data Used - 1'!H253)/'Data Used - 1'!I253 -> 0.1576113 | E90: ='Data Used - 1'!K253/'Data Used - 1'!J253 -> 0.0039242136 | F90: =D90+E90 -> 0.16153551
A91: P195 | B91: Twitter | C91: Carousel | D91: =('Data Used - 1'!F196+'Data Used - 1'!G196+'Data Used - 1'!H196)/'Data Used - 1'!I196 -> 0.13667733 | E91: ='Data Used - 1'!K196/'Data Used - 1'!J196 -> 0.024521739 | F91: =D91+E91 -> 0.16119907
A92: P221 | B92: Instagram | C92: Video | D92: =('Data Used - 1'!F222+'Data Used - 1'!G222+'Data Used - 1'!H222)/'Data Used - 1'!I222 -> 0.15989221 | E92: ='Data Used - 1'!K222/'Data Used - 1'!J222 -> 0.00075249468 | F92: =D92+E92 -> 0.1606447
A93: P052 | B93: Instagram | C93: Image | D93: =('Data Used - 1'!F53+'Data Used - 1'!G53+'Data Used - 1'!H53)/'Data Used - 1'!I53 -> 0.15695498 | E93: ='Data Used - 1'!K53/'Data Used - 1'!J53 -> 0.0034943474 | F93: =D93+E93 -> 0.16044932
A94: P147 | B94: Twitter | C94: Reel | D94: =('Data Used - 1'!F148+'Data Used - 1'!G148+'Data Used - 1'!H148)/'Data Used - 1'!I148 -> 0.15283323 | E94: ='Data Used - 1'!K148/'Data Used - 1'!J148 -> 0.0056014728 | F94: =D94+E94 -> 0.1584347
A95: P173 | B95: Twitter | C95: Video | D95: =('Data Used - 1'!F174+'Data Used - 1'!G174+'Data Used - 1'!H174)/'Data Used - 1'!I174 -> 0.14348371 | E95: ='Data Used - 1'!K174/'Data Used - 1'!J174 -> 0.014890435 | F95: =D95+E95 -> 0.15837414
A96: P004 | B96: Instagram | C96: Story | D96: =('Data Used - 1'!F5+'Data Used - 1'!G5+'Data Used - 1'!H5)/'Data Used - 1'!I5 -> 0.15105033 | E96: ='Data Used - 1'!K5/'Data Used - 1'!J5 -> 0.0068684267 | F96: =D96+E96 -> 0.15791876
A97: P164 | B97: Twitter | C97: Text | D97: =('Data Used - 1'!F165+'Data Used - 1'!G165+'Data Used - 1'!H165)/'Data Used - 1'!I165 -> 0.15355188 | E97: ='Data Used - 1'!K165/'Data Used - 1'!J165 -> 0.0043305573 | F97: =D97+E97 -> 0.15788244
A98: P140 | B98: Instagram | C98: Image | D98: =('Data Used - 1'!F141+'Data Used - 1'!G141+'Data Used - 1'!H141)/'Data Used - 1'!I141 -> 0.15571803 | E98: ='Data Used - 1'!K141/'Data Used - 1'!J141 -> 0.00055245567 | F98: =D98+E98 -> 0.15627048
A99: P014 | B99: YouTube | C99: Story | D99: =('Data Used - 1'!F15+'Data Used - 1'!G15+'Data Used - 1'!H15)/'Data Used - 1'!I15 -> 0.14521452 | E99: ='Data Used - 1'!K15/'Data Used - 1'!J15 -> 0.0078397728 | F99: =D99+E99 -> 0.15305429
A100: P166 | B100: Facebook | C100: Reel | D100: =('Data Used - 1'!F167+'Data Used - 1'!G167+'Data Used - 1'!H167)/'Data Used - 1'!I167 -> 0.14320716 | E100: ='Data Used - 1'!K167/'Data Used - 1'!J167 -> 0.0089686099 | F100: =D100+E100 -> 0.15217577
...
